customer_id,customer_name,email,city,state,region,customer_segment,signup_date,date_of_birth,is_active,loyalty_points,updated_at
C0001,Meera Singh,meera.singh1@example.com,Jaipur,Rajasthan,North,Corporate,2023-01-12,1969-02-02,Y,37,2026-01-01 11:00:00
C0002,Vikram Menon,vikram.menon2@example.com,Mumbai,Maharashtra,West,Home Office,2023-01-23,1970-03-03,Y,74,2026-01-01 14:00:00
C0003,Sneha Davis,sneha.davis3@example.com,Bengaluru,Karnataka,South,Consumer,2023-02-03,1971-04-04,Y,111,2026-01-01 17:00:00
C0004,Naveen Patel,naveen.patel4@example.com,Kolkata,West Bengal,East,Corporate,2023-02-14,1972-05-05,Y,148,2026-01-01 20:00:00
C0005,Asha Reddy,asha.reddy5@example.com,Pune,Maharashtra,West,Home Office,2023-02-25,1973-06-06,Y,185,2026-01-01 23:00:00
C0006,Liam Brown,liam.brown6@example.com,Hyderabad,Telangana,South,Consumer,2023-03-08,1974-07-07,Y,222,2026-01-02 02:00:00
C0007,Sophia Nair,sophia.nair7@example.com,Bhubaneswar,Odisha,East,Corporate,2023-03-19,1975-08-08,Y,259,2026-01-02 05:00:00
C0008,Aarav Verma,aarav.verma8@example.com,Delhi,Delhi,North,Home Office,2023-03-30,1976-09-09,Y,296,2026-01-02 08:00:00
C0009,Meera Ram,meera.ram9@example.com,Kochi,Kerala,South,Consumer,2023-04-10,1977-10-10,Y,333,2026-01-02 11:00:00
C0010,Vikram Rao,vikram.rao10@example.com,Chennai,Tamil Nadu,South,Corporate,2023-04-21,1978-11-11,Y,370,2026-01-02 14:00:00
C0011,Sneha Iyer,sneha.iyer11@example.com,Jaipur,Rajasthan,North,Home Office,2023-05-02,1979-12-12,Y,407,2026-01-02 17:00:00
C0012,Naveen Jose,naveen.jose12@example.com,Mumbai,Maharashtra,West,Consumer,2023-05-13,1980-01-13,Y,444,2026-01-02 20:00:00
C0013,Asha Sharma,asha.sharma13@example.com,Bengaluru,Karnataka,South,Corporate,2023-05-24,1981-02-14,Y,481,2026-01-02 23:00:00
C0014,Liam Das,liam.das14@example.com,Kolkata,West Bengal,East,Home Office,2023-06-04,1982-03-15,Y,518,2026-01-03 02:00:00
C0015,Sophia Shah,sophia.shah15@example.com,Pune,Maharashtra,West,Consumer,2023-06-15,1983-04-16,Y,555,2026-01-03 05:00:00
C0016,Aarav Kumar,aarav.kumar16@example.com,Hyderabad,Telangana,South,Corporate,2023-06-26,1984-05-17,Y,592,2026-01-03 08:00:00
C0017,Meera Singh,meera.singh17@example.com,Bhubaneswar,Odisha,East,Home Office,2023-07-07,1985-06-18,N,629,2026-01-03 11:00:00
C0018,Vikram Menon,vikram.menon18@example.com,Delhi,Delhi,North,Consumer,2023-07-18,1986-07-19,Y,666,2026-01-03 14:00:00
C0019,Sneha Davis,sneha.davis19@example.com,Kochi,Kerala,South,Corporate,2023-07-29,1987-08-20,Y,703,2026-01-03 17:00:00
C0020,Naveen Patel,naveen.patel20@example.com,Chennai,Tamil Nadu,South,Home Office,2023-08-09,1988-09-21,Y,740,2026-01-03 20:00:00
C0021,Asha Reddy,asha.reddy21@example.com,Jaipur,Rajasthan,North,Consumer,2023-08-20,1989-10-22,Y,777,2026-01-03 23:00:00
C0022,Liam Brown,liam.brown22@example.com,Mumbai,Maharashtra,West,Corporate,2023-08-31,1990-11-23,Y,814,2026-01-04 02:00:00
C0023,Sophia Nair,sophia.nair23@example.com,Bengaluru,Karnataka,South,Home Office,2023-09-11,1991-12-24,Y,851,2026-01-04 05:00:00
C0024,Aarav Verma,aarav.verma24@example.com,Kolkata,West Bengal,East,Consumer,2023-09-22,1992-01-25,Y,888,2026-01-04 08:00:00
C0025,Meera Ram,meera.ram25@example.com,Pune,Maharashtra,West,Corporate,2023-10-03,1993-02-26,Y,925,2026-01-04 11:00:00
C0026,Vikram Rao,vikram.rao26@example.com,Hyderabad,Telangana,South,Home Office,2023-10-14,1994-03-27,Y,962,2026-01-04 14:00:00
C0027,Sneha Iyer,sneha.iyer27@example.com,Bhubaneswar,Odisha,East,Consumer,2023-10-25,1995-04-01,Y,999,2026-01-04 17:00:00
C0028,Naveen Jose,naveen.jose28@example.com,Delhi,Delhi,North,Corporate,2023-11-05,1996-05-02,Y,1036,2026-01-04 20:00:00
C0029,Asha Sharma,asha.sharma29@example.com,Kochi,Kerala,South,Home Office,2023-11-16,1997-06-03,Y,1073,2026-01-04 23:00:00
C0030,Liam Das,liam.das30@example.com,Chennai,Tamil Nadu,South,Consumer,2023-11-27,1998-07-04,Y,1110,2026-01-05 02:00:00
C0031,Sophia Shah,sophia.shah31@example.com,Jaipur,Rajasthan,North,Corporate,2023-12-08,1999-08-05,Y,1147,2026-01-05 05:00:00
C0032,Aarav Kumar,aarav.kumar32@example.com,Mumbai,Maharashtra,West,Home Office,2023-12-19,2000-09-06,Y,1184,2026-01-05 08:00:00
C0033,Meera Singh,meera.singh33@example.com,Bengaluru,Karnataka,South,Consumer,2023-12-30,2001-10-07,Y,1221,2026-01-05 11:00:00
C0034,Vikram Menon,vikram.menon34@example.com,Kolkata,West Bengal,East,Corporate,2024-01-10,2002-11-08,N,1258,2026-01-05 14:00:00
C0035,Sneha Davis,sneha.davis35@example.com,Pune,Maharashtra,West,Home Office,2024-01-21,2003-12-09,Y,1295,2026-01-05 17:00:00
C0036,Naveen Patel,naveen.patel36@example.com,Hyderabad,Telangana,South,Consumer,2024-02-01,2004-01-10,Y,1332,2026-01-05 20:00:00
C0037,Asha Reddy,,Bhubaneswar,Odisha,East,Corporate,2024-02-12,1968-02-11,Y,1369,2026-01-05 23:00:00
C0038,Liam Brown,liam.brown38@example.com,Delhi,Delhi,North,Home Office,2024-02-23,1969-03-12,Y,1406,2026-01-06 02:00:00
C0039,Sophia Nair,sophia.nair39@example.com,Kochi,Kerala,South,Consumer,2024-03-05,1970-04-13,Y,1443,2026-01-06 05:00:00
C0040,Aarav Verma,aarav.verma40@example.com,Chennai,Tamil Nadu,South,Corporate,2024-03-16,1971-05-14,Y,1480,2026-01-06 08:00:00
C0041,Meera Ram,meera.ram41@example.com,Jaipur,Rajasthan,North,Home Office,2024-03-27,1972-06-15,Y,1517,2026-01-06 11:00:00
C0042,Vikram Rao,vikram.rao42@example.com,Mumbai,Maharashtra,West,Consumer,2024-04-07,1973-07-16,Y,1554,2026-01-06 14:00:00
C0043,Sneha Iyer,sneha.iyer43@example.com,Bengaluru,Karnataka,South,Corporate,2024-04-18,1974-08-17,Y,1591,2026-01-06 17:00:00
C0044,Naveen Jose,naveen.jose44@example.com,Kolkata,West Bengal,East,Home Office,2024-04-29,1975-09-18,Y,1628,2026-01-06 20:00:00
C0045,Asha Sharma,asha.sharma45@example.com,Pune,Maharashtra,West,Consumer,2024-05-10,1976-10-19,Y,1665,2026-01-06 23:00:00
C0046,Liam Das,liam.das46@example.com,Hyderabad,Telangana,South,Corporate,2024-05-21,1977-11-20,Y,1702,2026-01-07 02:00:00
C0047,Sophia Shah,sophia.shah47@example.com,Bhubaneswar,Odisha,East,Home Office,2024-06-01,1978-12-21,Y,1739,2026-01-07 05:00:00
C0048,Aarav Kumar,aarav.kumar48@example.com,Delhi,Delhi,North,Consumer,2024-06-12,1979-01-22,Y,1776,2026-01-07 08:00:00
C0049,Meera Singh,meera.singh49@example.com,Kochi,Kerala,South,Corporate,2024-06-23,1980-02-23,Y,1813,2026-01-07 11:00:00
C0050,Vikram Menon,vikram.menon50@example.com,Chennai,Tamil Nadu,South,Home Office,2024-07-04,1981-03-24,Y,1850,2026-01-07 14:00:00
C0051,Sneha Davis,sneha.davis51@example.com,Jaipur,Rajasthan,North,Consumer,2024-07-15,1982-04-25,N,1887,2026-01-07 17:00:00
C0052,Naveen Patel,naveen.patel52@example.com,Mumbai,Maharashtra,West,Corporate,2024-07-26,1983-05-26,Y,1924,2026-01-07 20:00:00
C0053,Asha Reddy,asha.reddy53@example.com,,Karnataka,South,Home Office,2024-08-06,1984-06-27,Y,1961,2026-01-07 23:00:00
C0054,Liam Brown,liam.brown54@example.com,Kolkata,West Bengal,East,Consumer,2024-08-17,1985-07-01,Y,1998,2026-01-08 02:00:00
C0055,Sophia Nair,sophia.nair55@example.com,Pune,Maharashtra,West,Corporate,2024-08-28,1986-08-02,Y,2035,2026-01-08 05:00:00
C0056,Aarav Verma,aarav.verma56@example.com,Hyderabad,Telangana,South,Home Office,2024-09-08,1987-09-03,Y,2072,2026-01-08 08:00:00
C0057,Meera Ram,meera.ram57@example.com,Bhubaneswar,Odisha,East,Consumer,2024-09-19,1988-10-04,Y,2109,2026-01-08 11:00:00
C0058,Vikram Rao,vikram.rao58@example.com,Delhi,Delhi,North,Corporate,2024-09-30,1989-11-05,Y,2146,2026-01-08 14:00:00
C0059,Sneha Iyer,sneha.iyer59@example.com,Kochi,Kerala,South,Home Office,2024-10-11,1990-12-06,Y,2183,2026-01-08 17:00:00
C0060,Naveen Jose,naveen.jose60@example.com,Chennai,Tamil Nadu,South,Consumer,2024-10-22,1991-01-07,Y,2220,2026-01-08 20:00:00
C0061,Asha Sharma,asha.sharma61@example.com,Jaipur,Rajasthan,North,Corporate,2024-11-02,1992-02-08,Y,2257,2026-01-08 23:00:00
C0062,Liam Das,liam.das62@example.com,Mumbai,Maharashtra,West,Home Office,2024-11-13,1993-03-09,Y,2294,2026-01-09 02:00:00
C0063,Sophia Shah,sophia.shah63@example.com,Bengaluru,Karnataka,South,Consumer,2024-11-24,1994-04-10,Y,2331,2026-01-09 05:00:00
C0064,Aarav Kumar,aarav.kumar64@example.com,Kolkata,West Bengal,East,Corporate,2024-12-05,1995-05-11,Y,2368,2026-01-09 08:00:00
C0065,Meera Singh,meera.singh65@example.com,Pune,Maharashtra,West,Home Office,2024-12-16,1996-06-12,Y,2405,2026-01-09 11:00:00
C0066,Vikram Menon,vikram.menon66@example.com,Hyderabad,Telangana,South,Consumer,2024-12-27,1997-07-13,Y,2442,2026-01-09 14:00:00
C0067,Sneha Davis,sneha.davis67@example.com,Bhubaneswar,Odisha,East,Corporate,2025-01-07,1998-08-14,Y,2479,2026-01-09 17:00:00
C0068,Naveen Patel,naveen.patel68@example.com,Delhi,Delhi,North,Home Office,2025-01-18,1999-09-15,N,2516,2026-01-09 20:00:00
C0069,Asha Reddy,asha.reddy69@example.com,Kochi,Kerala,South,Consumer,2025-01-29,2000-10-16,Y,2553,2026-01-09 23:00:00
C0070,Liam Brown,liam.brown70@example.com,Chennai,Tamil Nadu,South,Corporate,2025-02-09,2001-11-17,Y,2590,2026-01-10 02:00:00
C0071,Sophia Nair,sophia.nair71@example.com,Jaipur,Rajasthan,North,Home Office,2025-02-20,2002-12-18,Y,2627,2026-01-10 05:00:00
C0072,Aarav Verma,aarav.verma72@example.com,Mumbai,Maharashtra,West,Consumer,2025-03-03,2003-01-19,Y,2664,2026-01-10 08:00:00
C0073,Meera Ram,meera.ram73@example.com,Bengaluru,Karnataka,South,Corporate,2025-03-14,2004-02-20,Y,2701,2026-01-10 11:00:00
C0074,Vikram Rao,,Kolkata,West Bengal,East,Home Office,2025-03-25,1968-03-21,Y,2738,2026-01-10 14:00:00
C0075,Sneha Iyer,sneha.iyer75@example.com,Pune,Maharashtra,West,Consumer,2025-04-05,1969-04-22,Y,2775,2026-01-10 17:00:00
C0076,Naveen Jose,naveen.jose76@example.com,Hyderabad,Telangana,South,Corporate,2025-04-16,1970-05-23,Y,2812,2026-01-10 20:00:00
C0077,Asha Sharma,asha.sharma77@example.com,Bhubaneswar,Odisha,East,Home Office,2025-04-27,1971-06-24,Y,2849,2026-01-10 23:00:00
C0078,Liam Das,liam.das78@example.com,Delhi,Delhi,North,Consumer,2025-05-08,1972-07-25,Y,2886,2026-01-11 02:00:00
C0079,Sophia Shah,sophia.shah79@example.com,Kochi,Kerala,South,Corporate,2025-05-19,1973-08-26,Y,2923,2026-01-11 05:00:00
C0080,Aarav Kumar,aarav.kumar80@example.com,Chennai,Tamil Nadu,South,Home Office,2025-05-30,1974-09-27,Y,2960,2026-01-11 08:00:00
C0081,Meera Singh,meera.singh81@example.com,Jaipur,Rajasthan,North,Consumer,2025-06-10,1975-10-01,Y,2997,2026-01-11 11:00:00
C0082,Vikram Menon,vikram.menon82@example.com,Mumbai,Maharashtra,West,Corporate,2023-01-03,1976-11-02,Y,3034,2026-01-11 14:00:00
C0083,Sneha Davis,sneha.davis83@example.com,Bengaluru,Karnataka,South,Home Office,2023-01-14,1977-12-03,Y,3071,2026-01-11 17:00:00
C0084,Naveen Patel,naveen.patel84@example.com,Kolkata,West Bengal,East,Consumer,2023-01-25,1978-01-04,Y,3108,2026-01-11 20:00:00
C0085,Asha Reddy,asha.reddy85@example.com,Pune,Maharashtra,West,Corporate,2023-02-05,1979-02-05,N,3145,2026-01-11 23:00:00
C0086,Liam Brown,liam.brown86@example.com,Hyderabad,Telangana,South,Home Office,2023-02-16,1980-03-06,Y,3182,2026-01-12 02:00:00
C0087,Sophia Nair,sophia.nair87@example.com,Bhubaneswar,Odisha,East,Consumer,2023-02-27,1981-04-07,Y,3219,2026-01-12 05:00:00
C0088,Aarav Verma,aarav.verma88@example.com,Delhi,Delhi,North,Corporate,2023-03-10,1982-05-08,Y,3256,2026-01-12 08:00:00
C0089,Meera Ram,meera.ram89@example.com,Kochi,Kerala,South,Home Office,2023-03-21,1983-06-09,Y,3293,2026-01-12 11:00:00
C0090,Vikram Rao,vikram.rao90@example.com,Chennai,Tamil Nadu,South,Consumer,2023-04-01,1984-07-10,Y,3330,2026-01-12 14:00:00
C0091,Sneha Iyer,sneha.iyer91@example.com,Jaipur,Rajasthan,North,Corporate,2023-04-12,1985-08-11,Y,3367,2026-01-12 17:00:00
C0092,Naveen Jose,naveen.jose92@example.com,Mumbai,Maharashtra,West,Home Office,2023-04-23,1986-09-12,Y,3404,2026-01-12 20:00:00
C0093,Asha Sharma,asha.sharma93@example.com,Bengaluru,Karnataka,South,Consumer,2023-05-04,1987-10-13,Y,3441,2026-01-12 23:00:00
C0094,Liam Das,liam.das94@example.com,Kolkata,West Bengal,East,Corporate,2023-05-15,1988-11-14,Y,3478,2026-01-13 02:00:00
C0095,Sophia Shah,sophia.shah95@example.com,Pune,Maharashtra,West,Home Office,2023-05-26,1989-12-15,Y,3515,2026-01-13 05:00:00
C0096,Aarav Kumar,aarav.kumar96@example.com,Hyderabad,Telangana,South,Consumer,2023-06-06,1990-01-16,Y,3552,2026-01-13 08:00:00
C0097,Meera Singh,meera.singh97@example.com,Bhubaneswar,Odisha,East,Corporate,2023-06-17,1991-02-17,Y,3589,2026-01-13 11:00:00
C0098,Vikram Menon,vikram.menon98@example.com,Delhi,Delhi,North,Home Office,2023-06-28,1992-03-18,Y,3626,2026-01-13 14:00:00
C0099,Sneha Davis,sneha.davis99@example.com,Kochi,Kerala,South,Consumer,2023-07-09,1993-04-19,Y,3663,2026-01-13 17:00:00
C0100,Naveen Patel,naveen.patel100@example.com,Chennai,Tamil Nadu,South,Corporate,2023-07-20,1994-05-20,Y,3700,2026-01-13 20:00:00
C0101,Asha Reddy,asha.reddy101@example.com,Jaipur,Rajasthan,North,Home Office,2023-07-31,1995-06-21,Y,3737,2026-01-13 23:00:00
C0102,Liam Brown,liam.brown102@example.com,Mumbai,Maharashtra,West,Consumer,2023-08-11,1996-07-22,N,3774,2026-01-14 02:00:00
C0103,Sophia Nair,sophia.nair103@example.com,Bengaluru,Karnataka,South,Corporate,2023-08-22,1997-08-23,Y,3811,2026-01-14 05:00:00
C0104,Aarav Verma,aarav.verma104@example.com,Kolkata,West Bengal,East,Home Office,2023-09-02,1998-09-24,Y,3848,2026-01-14 08:00:00
C0105,Meera Ram,meera.ram105@example.com,Pune,Maharashtra,West,Consumer,2023-09-13,1999-10-25,Y,3885,2026-01-14 11:00:00
C0106,Vikram Rao,vikram.rao106@example.com,,Telangana,South,Corporate,2023-09-24,2000-11-26,Y,3922,2026-01-14 14:00:00
C0107,Sneha Iyer,sneha.iyer107@example.com,Bhubaneswar,Odisha,East,Home Office,2023-10-05,2001-12-27,Y,3959,2026-01-14 17:00:00
C0108,Naveen Jose,naveen.jose108@example.com,Delhi,Delhi,North,Consumer,2023-10-16,2002-01-01,Y,3996,2026-01-14 20:00:00
C0109,Asha Sharma,asha.sharma109@example.com,Kochi,Kerala,South,Corporate,2023-10-27,2003-02-02,Y,4033,2026-01-14 23:00:00
C0110,Liam Das,liam.das110@example.com,Chennai,Tamil Nadu,South,Home Office,2023-11-07,2004-03-03,Y,4070,2026-01-15 02:00:00
C0111,Sophia Shah,,Jaipur,Rajasthan,North,Consumer,2023-11-18,1968-04-04,Y,4107,2026-01-15 05:00:00
C0112,Aarav Kumar,aarav.kumar112@example.com,Mumbai,Maharashtra,West,Corporate,2023-11-29,1969-05-05,Y,4144,2026-01-15 08:00:00
C0113,Meera Singh,meera.singh113@example.com,Bengaluru,Karnataka,South,Home Office,2023-12-10,1970-06-06,Y,4181,2026-01-15 11:00:00
C0114,Vikram Menon,vikram.menon114@example.com,Kolkata,West Bengal,East,Consumer,2023-12-21,1971-07-07,Y,4218,2026-01-15 14:00:00
C0115,Sneha Davis,sneha.davis115@example.com,Pune,Maharashtra,West,Corporate,2024-01-01,1972-08-08,Y,4255,2026-01-15 17:00:00
C0116,Naveen Patel,naveen.patel116@example.com,Hyderabad,Telangana,South,Home Office,2024-01-12,1973-09-09,Y,4292,2026-01-15 20:00:00
C0117,Asha Reddy,asha.reddy117@example.com,Bhubaneswar,Odisha,East,Consumer,2024-01-23,1974-10-10,Y,4329,2026-01-15 23:00:00
C0118,Liam Brown,liam.brown118@example.com,Delhi,Delhi,North,Corporate,2024-02-03,1975-11-11,Y,4366,2026-01-16 02:00:00
C0119,Sophia Nair,sophia.nair119@example.com,Kochi,Kerala,South,Home Office,2024-02-14,1976-12-12,N,4403,2026-01-16 05:00:00
C0120,Aarav Verma,aarav.verma120@example.com,Chennai,Tamil Nadu,South,Consumer,2024-02-25,1977-01-13,Y,4440,2026-01-16 08:00:00
C0121,Meera Ram,meera.ram121@example.com,Jaipur,Rajasthan,North,Corporate,2024-03-07,1978-02-14,Y,4477,2026-01-16 11:00:00
C0122,Vikram Rao,vikram.rao122@example.com,Mumbai,Maharashtra,West,Home Office,2024-03-18,1979-03-15,Y,4514,2026-01-16 14:00:00
C0123,Sneha Iyer,sneha.iyer123@example.com,Bengaluru,Karnataka,South,Consumer,2024-03-29,1980-04-16,Y,4551,2026-01-16 17:00:00
C0124,Naveen Jose,naveen.jose124@example.com,Kolkata,West Bengal,East,Corporate,2024-04-09,1981-05-17,Y,4588,2026-01-16 20:00:00
C0125,Asha Sharma,asha.sharma125@example.com,Pune,Maharashtra,West,Home Office,2024-04-20,1982-06-18,Y,4625,2026-01-16 23:00:00
C0126,Liam Das,liam.das126@example.com,Hyderabad,Telangana,South,Consumer,2024-05-01,1983-07-19,Y,4662,2026-01-17 02:00:00
C0127,Sophia Shah,sophia.shah127@example.com,Bhubaneswar,Odisha,East,Corporate,2024-05-12,1984-08-20,Y,4699,2026-01-17 05:00:00
C0128,Aarav Kumar,aarav.kumar128@example.com,Delhi,Delhi,North,Home Office,2024-05-23,1985-09-21,Y,4736,2026-01-17 08:00:00
C0129,Meera Singh,meera.singh129@example.com,Kochi,Kerala,South,Consumer,2024-06-03,1986-10-22,Y,4773,2026-01-17 11:00:00
C0130,Vikram Menon,vikram.menon130@example.com,Chennai,Tamil Nadu,South,Corporate,2024-06-14,1987-11-23,Y,4810,2026-01-17 14:00:00
C0131,Sneha Davis,sneha.davis131@example.com,Jaipur,Rajasthan,North,Home Office,2024-06-25,1988-12-24,Y,4847,2026-01-17 17:00:00
C0132,Naveen Patel,naveen.patel132@example.com,Mumbai,Maharashtra,West,Consumer,2024-07-06,1989-01-25,Y,4884,2026-01-17 20:00:00
C0133,Asha Reddy,asha.reddy133@example.com,Bengaluru,Karnataka,South,Corporate,2024-07-17,1990-02-26,Y,4921,2026-01-17 23:00:00
C0134,Liam Brown,liam.brown134@example.com,Kolkata,West Bengal,East,Home Office,2024-07-28,1991-03-27,Y,4958,2026-01-18 02:00:00
C0135,Sophia Nair,sophia.nair135@example.com,Pune,Maharashtra,West,Consumer,2024-08-08,1992-04-01,Y,4995,2026-01-18 05:00:00
C0136,Aarav Verma,aarav.verma136@example.com,Hyderabad,Telangana,South,Corporate,2024-08-19,1993-05-02,N,32,2026-01-18 08:00:00
C0137,Meera Ram,meera.ram137@example.com,Bhubaneswar,Odisha,East,Home Office,2024-08-30,1994-06-03,Y,69,2026-01-18 11:00:00
C0138,Vikram Rao,vikram.rao138@example.com,Delhi,Delhi,North,Consumer,2024-09-10,1995-07-04,Y,106,2026-01-18 14:00:00
C0139,Sneha Iyer,sneha.iyer139@example.com,Kochi,Kerala,South,Corporate,2024-09-21,1996-08-05,Y,143,2026-01-18 17:00:00
C0140,Naveen Jose,naveen.jose140@example.com,Chennai,Tamil Nadu,South,Home Office,2024-10-02,1997-09-06,Y,180,2026-01-18 20:00:00
C0141,Asha Sharma,asha.sharma141@example.com,Jaipur,Rajasthan,North,Consumer,2024-10-13,1998-10-07,Y,217,2026-01-18 23:00:00
C0142,Liam Das,liam.das142@example.com,Mumbai,Maharashtra,West,Corporate,2024-10-24,1999-11-08,Y,254,2026-01-19 02:00:00
C0143,Sophia Shah,sophia.shah143@example.com,Bengaluru,Karnataka,South,Home Office,2024-11-04,2000-12-09,Y,291,2026-01-19 05:00:00
C0144,Aarav Kumar,aarav.kumar144@example.com,Kolkata,West Bengal,East,Consumer,2024-11-15,2001-01-10,Y,328,2026-01-19 08:00:00
C0145,Meera Singh,meera.singh145@example.com,Pune,Maharashtra,West,Corporate,2024-11-26,2002-02-11,Y,365,2026-01-19 11:00:00
C0146,Vikram Menon,vikram.menon146@example.com,Hyderabad,Telangana,South,Home Office,2024-12-07,2003-03-12,Y,402,2026-01-19 14:00:00
C0147,Sneha Davis,sneha.davis147@example.com,Bhubaneswar,Odisha,East,Consumer,2024-12-18,2004-04-13,Y,439,2026-01-19 17:00:00
C0148,Naveen Patel,,Delhi,Delhi,North,Corporate,2024-12-29,1968-05-14,Y,476,2026-01-19 20:00:00
C0149,Asha Reddy,asha.reddy149@example.com,Kochi,Kerala,South,Home Office,2025-01-09,1969-06-15,Y,513,2026-01-19 23:00:00
C0150,Liam Brown,liam.brown150@example.com,Chennai,Tamil Nadu,South,Consumer,2025-01-20,1970-07-16,Y,550,2026-01-20 02:00:00
C0151,Sophia Nair,sophia.nair151@example.com,Jaipur,Rajasthan,North,Corporate,2025-01-31,1971-08-17,Y,587,2026-01-20 05:00:00
C0152,Aarav Verma,aarav.verma152@example.com,Mumbai,Maharashtra,West,Home Office,2025-02-11,1972-09-18,Y,624,2026-01-20 08:00:00
C0153,Meera Ram,meera.ram153@example.com,Bengaluru,Karnataka,South,Consumer,2025-02-22,1973-10-19,N,661,2026-01-20 11:00:00
C0154,Vikram Rao,vikram.rao154@example.com,Kolkata,West Bengal,East,Corporate,2025-03-05,1974-11-20,Y,698,2026-01-20 14:00:00
C0155,Sneha Iyer,sneha.iyer155@example.com,Pune,Maharashtra,West,Home Office,2025-03-16,1975-12-21,Y,735,2026-01-20 17:00:00
C0156,Naveen Jose,naveen.jose156@example.com,Hyderabad,Telangana,South,Consumer,2025-03-27,1976-01-22,Y,772,2026-01-20 20:00:00
C0157,Asha Sharma,asha.sharma157@example.com,Bhubaneswar,Odisha,East,Corporate,2025-04-07,1977-02-23,Y,809,2026-01-20 23:00:00
C0158,Liam Das,liam.das158@example.com,Delhi,Delhi,North,Home Office,2025-04-18,1978-03-24,Y,846,2026-01-21 02:00:00
C0159,Sophia Shah,sophia.shah159@example.com,,Kerala,South,Consumer,2025-04-29,1979-04-25,Y,883,2026-01-21 05:00:00
C0160,Aarav Kumar,aarav.kumar160@example.com,Chennai,Tamil Nadu,South,Corporate,2025-05-10,1980-05-26,Y,920,2026-01-21 08:00:00
C0161,Meera Singh,meera.singh161@example.com,Jaipur,Rajasthan,North,Home Office,2025-05-21,1981-06-27,Y,957,2026-01-21 11:00:00
C0162,Vikram Menon,vikram.menon162@example.com,Mumbai,Maharashtra,West,Consumer,2025-06-01,1982-07-01,Y,994,2026-01-21 14:00:00
C0163,Sneha Davis,sneha.davis163@example.com,Bengaluru,Karnataka,South,Corporate,2025-06-12,1983-08-02,Y,1031,2026-01-21 17:00:00
C0164,Naveen Patel,naveen.patel164@example.com,Kolkata,West Bengal,East,Home Office,2023-01-05,1984-09-03,Y,1068,2026-01-21 20:00:00
C0165,Asha Reddy,asha.reddy165@example.com,Pune,Maharashtra,West,Consumer,2023-01-16,1985-10-04,Y,1105,2026-01-21 23:00:00
C0166,Liam Brown,liam.brown166@example.com,Hyderabad,Telangana,South,Corporate,2023-01-27,1986-11-05,Y,1142,2026-01-22 02:00:00
C0167,Sophia Nair,sophia.nair167@example.com,Bhubaneswar,Odisha,East,Home Office,2023-02-07,1987-12-06,Y,1179,2026-01-22 05:00:00
C0168,Aarav Verma,aarav.verma168@example.com,Delhi,Delhi,North,Consumer,2023-02-18,1988-01-07,Y,1216,2026-01-22 08:00:00
C0169,Meera Ram,meera.ram169@example.com,Kochi,Kerala,South,Corporate,2023-03-01,1989-02-08,Y,1253,2026-01-22 11:00:00
C0170,Vikram Rao,vikram.rao170@example.com,Chennai,Tamil Nadu,South,Home Office,2023-03-12,1990-03-09,N,1290,2026-01-22 14:00:00
C0171,Sneha Iyer,sneha.iyer171@example.com,Jaipur,Rajasthan,North,Consumer,2023-03-23,1991-04-10,Y,1327,2026-01-22 17:00:00
C0172,Naveen Jose,naveen.jose172@example.com,Mumbai,Maharashtra,West,Corporate,2023-04-03,1992-05-11,Y,1364,2026-01-22 20:00:00
C0173,Asha Sharma,asha.sharma173@example.com,Bengaluru,Karnataka,South,Home Office,2023-04-14,1993-06-12,Y,1401,2026-01-22 23:00:00
C0174,Liam Das,liam.das174@example.com,Kolkata,West Bengal,East,Consumer,2023-04-25,1994-07-13,Y,1438,2026-01-23 02:00:00
C0175,Sophia Shah,sophia.shah175@example.com,Pune,Maharashtra,West,Corporate,2023-05-06,1995-08-14,Y,1475,2026-01-23 05:00:00
C0176,Aarav Kumar,aarav.kumar176@example.com,Hyderabad,Telangana,South,Home Office,2023-05-17,1996-09-15,Y,1512,2026-01-23 08:00:00
C0177,Meera Singh,meera.singh177@example.com,Bhubaneswar,Odisha,East,Consumer,2023-05-28,1997-10-16,Y,1549,2026-01-23 11:00:00
C0178,Vikram Menon,vikram.menon178@example.com,Delhi,Delhi,North,Corporate,2023-06-08,1998-11-17,Y,1586,2026-01-23 14:00:00
C0179,Sneha Davis,sneha.davis179@example.com,Kochi,Kerala,South,Home Office,2023-06-19,1999-12-18,Y,1623,2026-01-23 17:00:00
C0180,Naveen Patel,naveen.patel180@example.com,Chennai,Tamil Nadu,South,Consumer,2023-06-30,2000-01-19,Y,1660,2026-01-23 20:00:00
C0181,Asha Reddy,asha.reddy181@example.com,Jaipur,Rajasthan,North,Corporate,2023-07-11,2001-02-20,Y,1697,2026-01-23 23:00:00
C0182,Liam Brown,liam.brown182@example.com,Mumbai,Maharashtra,West,Home Office,2023-07-22,2002-03-21,Y,1734,2026-01-24 02:00:00
C0183,Sophia Nair,sophia.nair183@example.com,Bengaluru,Karnataka,South,Consumer,2023-08-02,2003-04-22,Y,1771,2026-01-24 05:00:00
C0184,Aarav Verma,aarav.verma184@example.com,Kolkata,West Bengal,East,Corporate,2023-08-13,2004-05-23,Y,1808,2026-01-24 08:00:00
C0185,Meera Ram,,Pune,Maharashtra,West,Home Office,2023-08-24,1968-06-24,Y,1845,2026-01-24 11:00:00
C0186,Vikram Rao,vikram.rao186@example.com,Hyderabad,Telangana,South,Consumer,2023-09-04,1969-07-25,Y,1882,2026-01-24 14:00:00
C0187,Sneha Iyer,sneha.iyer187@example.com,Bhubaneswar,Odisha,East,Corporate,2023-09-15,1970-08-26,N,1919,2026-01-24 17:00:00
C0188,Naveen Jose,naveen.jose188@example.com,Delhi,Delhi,North,Home Office,2023-09-26,1971-09-27,Y,1956,2026-01-24 20:00:00
C0189,Asha Sharma,asha.sharma189@example.com,Kochi,Kerala,South,Consumer,2023-10-07,1972-10-01,Y,1993,2026-01-24 23:00:00
C0190,Liam Das,liam.das190@example.com,Chennai,Tamil Nadu,South,Corporate,2023-10-18,1973-11-02,Y,2030,2026-01-25 02:00:00
C0191,Sophia Shah,sophia.shah191@example.com,Jaipur,Rajasthan,North,Home Office,2023-10-29,1974-12-03,Y,2067,2026-01-25 05:00:00
C0192,Aarav Kumar,aarav.kumar192@example.com,Mumbai,Maharashtra,West,Consumer,2023-11-09,1975-01-04,Y,2104,2026-01-25 08:00:00
C0193,Meera Singh,meera.singh193@example.com,Bengaluru,Karnataka,South,Corporate,2023-11-20,1976-02-05,Y,2141,2026-01-25 11:00:00
C0194,Vikram Menon,vikram.menon194@example.com,Kolkata,West Bengal,East,Home Office,2023-12-01,1977-03-06,Y,2178,2026-01-25 14:00:00
C0195,Sneha Davis,sneha.davis195@example.com,Pune,Maharashtra,West,Consumer,2023-12-12,1978-04-07,Y,2215,2026-01-25 17:00:00
C0196,Naveen Patel,naveen.patel196@example.com,Hyderabad,Telangana,South,Corporate,2023-12-23,1979-05-08,Y,2252,2026-01-25 20:00:00
C0197,Asha Reddy,asha.reddy197@example.com,Bhubaneswar,Odisha,East,Home Office,2024-01-03,1980-06-09,Y,2289,2026-01-25 23:00:00
C0198,Liam Brown,liam.brown198@example.com,Delhi,Delhi,North,Consumer,2024-01-14,1981-07-10,Y,2326,2026-01-26 02:00:00
C0199,Sophia Nair,sophia.nair199@example.com,Kochi,Kerala,South,Corporate,2024-01-25,1982-08-11,Y,2363,2026-01-26 05:00:00
C0200,Aarav Verma,aarav.verma200@example.com,Chennai,Tamil Nadu,South,Home Office,2024-02-05,1983-09-12,Y,2400,2026-01-26 08:00:00
C0201,Meera Ram,meera.ram201@example.com,Jaipur,Rajasthan,North,Consumer,2024-02-16,1984-10-13,Y,2437,2026-01-26 11:00:00
C0202,Vikram Rao,vikram.rao202@example.com,Mumbai,Maharashtra,West,Corporate,2024-02-27,1985-11-14,Y,2474,2026-01-26 14:00:00
C0203,Sneha Iyer,sneha.iyer203@example.com,Bengaluru,Karnataka,South,Home Office,2024-03-09,1986-12-15,Y,2511,2026-01-26 17:00:00
C0204,Naveen Jose,naveen.jose204@example.com,Kolkata,West Bengal,East,Consumer,2024-03-20,1987-01-16,N,2548,2026-01-26 20:00:00
C0205,Asha Sharma,asha.sharma205@example.com,Pune,Maharashtra,West,Corporate,2024-03-31,1988-02-17,Y,2585,2026-01-26 23:00:00
C0206,Liam Das,liam.das206@example.com,Hyderabad,Telangana,South,Home Office,2024-04-11,1989-03-18,Y,2622,2026-01-27 02:00:00
C0207,Sophia Shah,sophia.shah207@example.com,Bhubaneswar,Odisha,East,Consumer,2024-04-22,1990-04-19,Y,2659,2026-01-27 05:00:00
C0208,Aarav Kumar,aarav.kumar208@example.com,Delhi,Delhi,North,Corporate,2024-05-03,1991-05-20,Y,2696,2026-01-27 08:00:00
C0209,Meera Singh,meera.singh209@example.com,Kochi,Kerala,South,Home Office,2024-05-14,1992-06-21,Y,2733,2026-01-27 11:00:00
C0210,Vikram Menon,vikram.menon210@example.com,Chennai,Tamil Nadu,South,Consumer,2024-05-25,1993-07-22,Y,2770,2026-01-27 14:00:00
C0211,Sneha Davis,sneha.davis211@example.com,Jaipur,Rajasthan,North,Corporate,2024-06-05,1994-08-23,Y,2807,2026-01-27 17:00:00
C0212,Naveen Patel,naveen.patel212@example.com,,Maharashtra,West,Home Office,2024-06-16,1995-09-24,Y,2844,2026-01-27 20:00:00
C0213,Asha Reddy,asha.reddy213@example.com,Bengaluru,Karnataka,South,Consumer,2024-06-27,1996-10-25,Y,2881,2026-01-27 23:00:00
C0214,Liam Brown,liam.brown214@example.com,Kolkata,West Bengal,East,Corporate,2024-07-08,1997-11-26,Y,2918,2026-01-28 02:00:00
C0215,Sophia Nair,sophia.nair215@example.com,Pune,Maharashtra,West,Home Office,2024-07-19,1998-12-27,Y,2955,2026-01-28 05:00:00
C0216,Aarav Verma,aarav.verma216@example.com,Hyderabad,Telangana,South,Consumer,2024-07-30,1999-01-01,Y,2992,2026-01-28 08:00:00
C0217,Meera Ram,meera.ram217@example.com,Bhubaneswar,Odisha,East,Corporate,2024-08-10,2000-02-02,Y,3029,2026-01-28 11:00:00
C0218,Vikram Rao,vikram.rao218@example.com,Delhi,Delhi,North,Home Office,2024-08-21,2001-03-03,Y,3066,2026-01-28 14:00:00
C0219,Sneha Iyer,sneha.iyer219@example.com,Kochi,Kerala,South,Consumer,2024-09-01,2002-04-04,Y,3103,2026-01-28 17:00:00
C0220,Naveen Jose,naveen.jose220@example.com,Chennai,Tamil Nadu,South,Corporate,2024-09-12,2003-05-05,Y,3140,2026-01-28 20:00:00
C0221,Asha Sharma,asha.sharma221@example.com,Jaipur,Rajasthan,North,Home Office,2024-09-23,2004-06-06,N,3177,2026-01-28 23:00:00
C0222,Liam Das,,Mumbai,Maharashtra,West,Consumer,2024-10-04,1968-07-07,Y,3214,2026-01-29 02:00:00
C0223,Sophia Shah,sophia.shah223@example.com,Bengaluru,Karnataka,South,Corporate,2024-10-15,1969-08-08,Y,3251,2026-01-29 05:00:00
C0224,Aarav Kumar,aarav.kumar224@example.com,Kolkata,West Bengal,East,Home Office,2024-10-26,1970-09-09,Y,3288,2026-01-29 08:00:00
C0225,Meera Singh,meera.singh225@example.com,Pune,Maharashtra,West,Consumer,2024-11-06,1971-10-10,Y,3325,2026-01-29 11:00:00
C0226,Vikram Menon,vikram.menon226@example.com,Hyderabad,Telangana,South,Corporate,2024-11-17,1972-11-11,Y,3362,2026-01-29 14:00:00
C0227,Sneha Davis,sneha.davis227@example.com,Bhubaneswar,Odisha,East,Home Office,2024-11-28,1973-12-12,Y,3399,2026-01-29 17:00:00
C0228,Naveen Patel,naveen.patel228@example.com,Delhi,Delhi,North,Consumer,2024-12-09,1974-01-13,Y,3436,2026-01-29 20:00:00
C0229,Asha Reddy,asha.reddy229@example.com,Kochi,Kerala,South,Corporate,2024-12-20,1975-02-14,Y,3473,2026-01-29 23:00:00
C0230,Liam Brown,liam.brown230@example.com,Chennai,Tamil Nadu,South,Home Office,2024-12-31,1976-03-15,Y,3510,2026-01-30 02:00:00
C0231,Sophia Nair,sophia.nair231@example.com,Jaipur,Rajasthan,North,Consumer,2025-01-11,1977-04-16,Y,3547,2026-01-30 05:00:00
C0232,Aarav Verma,aarav.verma232@example.com,Mumbai,Maharashtra,West,Corporate,2025-01-22,1978-05-17,Y,3584,2026-01-30 08:00:00
C0233,Meera Ram,meera.ram233@example.com,Bengaluru,Karnataka,South,Home Office,2025-02-02,1979-06-18,Y,3621,2026-01-30 11:00:00
C0234,Vikram Rao,vikram.rao234@example.com,Kolkata,West Bengal,East,Consumer,2025-02-13,1980-07-19,Y,3658,2026-01-30 14:00:00
C0235,Sneha Iyer,sneha.iyer235@example.com,Pune,Maharashtra,West,Corporate,2025-02-24,1981-08-20,Y,3695,2026-01-30 17:00:00
C0236,Naveen Jose,naveen.jose236@example.com,Hyderabad,Telangana,South,Home Office,2025-03-07,1982-09-21,Y,3732,2026-01-30 20:00:00
C0237,Asha Sharma,asha.sharma237@example.com,Bhubaneswar,Odisha,East,Consumer,2025-03-18,1983-10-22,Y,3769,2026-01-30 23:00:00
C0238,Liam Das,liam.das238@example.com,Delhi,Delhi,North,Corporate,2025-03-29,1984-11-23,N,3806,2026-01-31 02:00:00
C0239,Sophia Shah,sophia.shah239@example.com,Kochi,Kerala,South,Home Office,2025-04-09,1985-12-24,Y,3843,2026-01-31 05:00:00
C0240,Aarav Kumar,aarav.kumar240@example.com,Chennai,Tamil Nadu,South,Consumer,2025-04-20,1986-01-25,Y,3880,2026-01-31 08:00:00
C0241,Meera Singh,meera.singh241@example.com,Jaipur,Rajasthan,North,Corporate,2025-05-01,1987-02-26,Y,3917,2026-01-31 11:00:00
C0242,Vikram Menon,vikram.menon242@example.com,Mumbai,Maharashtra,West,Home Office,2025-05-12,1988-03-27,Y,3954,2026-01-31 14:00:00
C0243,Sneha Davis,sneha.davis243@example.com,Bengaluru,Karnataka,South,Consumer,2025-05-23,1989-04-01,Y,3991,2026-01-31 17:00:00
C0244,Naveen Patel,naveen.patel244@example.com,Kolkata,West Bengal,East,Corporate,2025-06-03,1990-05-02,Y,4028,2026-01-31 20:00:00
C0245,Asha Reddy,asha.reddy245@example.com,Pune,Maharashtra,West,Home Office,2025-06-14,1991-06-03,Y,4065,2026-01-31 23:00:00
C0246,Liam Brown,liam.brown246@example.com,Hyderabad,Telangana,South,Consumer,2023-01-07,1992-07-04,Y,4102,2026-02-01 02:00:00
C0247,Sophia Nair,sophia.nair247@example.com,Bhubaneswar,Odisha,East,Corporate,2023-01-18,1993-08-05,Y,4139,2026-02-01 05:00:00
C0248,Aarav Verma,aarav.verma248@example.com,Delhi,Delhi,North,Home Office,2023-01-29,1994-09-06,Y,4176,2026-02-01 08:00:00
C0249,Meera Ram,meera.ram249@example.com,Kochi,Kerala,South,Consumer,2023-02-09,1995-10-07,Y,4213,2026-02-01 11:00:00
C0250,Vikram Rao,vikram.rao250@example.com,Chennai,Tamil Nadu,South,Corporate,2023-02-20,1996-11-08,Y,4250,2026-02-01 14:00:00
C0251,Sneha Iyer,sneha.iyer251@example.com,Jaipur,Rajasthan,North,Home Office,2023-03-03,1997-12-09,Y,4287,2026-02-01 17:00:00
C0252,Naveen Jose,naveen.jose252@example.com,Mumbai,Maharashtra,West,Consumer,2023-03-14,1998-01-10,Y,4324,2026-02-01 20:00:00
C0253,Asha Sharma,asha.sharma253@example.com,Bengaluru,Karnataka,South,Corporate,2023-03-25,1999-02-11,Y,4361,2026-02-01 23:00:00
C0254,Liam Das,liam.das254@example.com,Kolkata,West Bengal,East,Home Office,2023-04-05,2000-03-12,Y,4398,2026-02-02 02:00:00
C0255,Sophia Shah,sophia.shah255@example.com,Pune,Maharashtra,West,Consumer,2023-04-16,2001-04-13,N,4435,2026-02-02 05:00:00
C0256,Aarav Kumar,aarav.kumar256@example.com,Hyderabad,Telangana,South,Corporate,2023-04-27,2002-05-14,Y,4472,2026-02-02 08:00:00
C0257,Meera Singh,meera.singh257@example.com,Bhubaneswar,Odisha,East,Home Office,2023-05-08,2003-06-15,Y,4509,2026-02-02 11:00:00
C0258,Vikram Menon,vikram.menon258@example.com,Delhi,Delhi,North,Consumer,2023-05-19,2004-07-16,Y,4546,2026-02-02 14:00:00
C0259,Sneha Davis,,Kochi,Kerala,South,Corporate,2023-05-30,1968-08-17,Y,4583,2026-02-02 17:00:00
C0260,Naveen Patel,naveen.patel260@example.com,Chennai,Tamil Nadu,South,Home Office,2023-06-10,1969-09-18,Y,4620,2026-02-02 20:00:00
C0261,Asha Reddy,asha.reddy261@example.com,Jaipur,Rajasthan,North,Consumer,2023-06-21,1970-10-19,Y,4657,2026-02-02 23:00:00
C0262,Liam Brown,liam.brown262@example.com,Mumbai,Maharashtra,West,Corporate,2023-07-02,1971-11-20,Y,4694,2026-02-03 02:00:00
C0263,Sophia Nair,sophia.nair263@example.com,Bengaluru,Karnataka,South,Home Office,2023-07-13,1972-12-21,Y,4731,2026-02-03 05:00:00
C0264,Aarav Verma,aarav.verma264@example.com,Kolkata,West Bengal,East,Consumer,2023-07-24,1973-01-22,Y,4768,2026-02-03 08:00:00
C0265,Meera Ram,meera.ram265@example.com,,Maharashtra,West,Corporate,2023-08-04,1974-02-23,Y,4805,2026-02-03 11:00:00
C0266,Vikram Rao,vikram.rao266@example.com,Hyderabad,Telangana,South,Home Office,2023-08-15,1975-03-24,Y,4842,2026-02-03 14:00:00
C0267,Sneha Iyer,sneha.iyer267@example.com,Bhubaneswar,Odisha,East,Consumer,2023-08-26,1976-04-25,Y,4879,2026-02-03 17:00:00
C0268,Naveen Jose,naveen.jose268@example.com,Delhi,Delhi,North,Corporate,2023-09-06,1977-05-26,Y,4916,2026-02-03 20:00:00
C0269,Asha Sharma,asha.sharma269@example.com,Kochi,Kerala,South,Home Office,2023-09-17,1978-06-27,Y,4953,2026-02-03 23:00:00
C0270,Liam Das,liam.das270@example.com,Chennai,Tamil Nadu,South,Consumer,2023-09-28,1979-07-01,Y,4990,2026-02-04 02:00:00
C0271,Sophia Shah,sophia.shah271@example.com,Jaipur,Rajasthan,North,Corporate,2023-10-09,1980-08-02,Y,27,2026-02-04 05:00:00
C0272,Aarav Kumar,aarav.kumar272@example.com,Mumbai,Maharashtra,West,Home Office,2023-10-20,1981-09-03,N,64,2026-02-04 08:00:00
C0273,Meera Singh,meera.singh273@example.com,Bengaluru,Karnataka,South,Consumer,2023-10-31,1982-10-04,Y,101,2026-02-04 11:00:00
C0274,Vikram Menon,vikram.menon274@example.com,Kolkata,West Bengal,East,Corporate,2023-11-11,1983-11-05,Y,138,2026-02-04 14:00:00
C0275,Sneha Davis,sneha.davis275@example.com,Pune,Maharashtra,West,Home Office,2023-11-22,1984-12-06,Y,175,2026-02-04 17:00:00
C0276,Naveen Patel,naveen.patel276@example.com,Hyderabad,Telangana,South,Consumer,2023-12-03,1985-01-07,Y,212,2026-02-04 20:00:00
C0277,Asha Reddy,asha.reddy277@example.com,Bhubaneswar,Odisha,East,Corporate,2023-12-14,1986-02-08,Y,249,2026-02-04 23:00:00
C0278,Liam Brown,liam.brown278@example.com,Delhi,Delhi,North,Home Office,2023-12-25,1987-03-09,Y,286,2026-02-05 02:00:00
C0279,Sophia Nair,sophia.nair279@example.com,Kochi,Kerala,South,Consumer,2024-01-05,1988-04-10,Y,323,2026-02-05 05:00:00
C0280,Aarav Verma,aarav.verma280@example.com,Chennai,Tamil Nadu,South,Corporate,2024-01-16,1989-05-11,Y,360,2026-02-05 08:00:00
C0281,Meera Ram,meera.ram281@example.com,Jaipur,Rajasthan,North,Home Office,2024-01-27,1990-06-12,Y,397,2026-02-05 11:00:00
C0282,Vikram Rao,vikram.rao282@example.com,Mumbai,Maharashtra,West,Consumer,2024-02-07,1991-07-13,Y,434,2026-02-05 14:00:00
C0283,Sneha Iyer,sneha.iyer283@example.com,Bengaluru,Karnataka,South,Corporate,2024-02-18,1992-08-14,Y,471,2026-02-05 17:00:00
C0284,Naveen Jose,naveen.jose284@example.com,Kolkata,West Bengal,East,Home Office,2024-02-29,1993-09-15,Y,508,2026-02-05 20:00:00
C0285,Asha Sharma,asha.sharma285@example.com,Pune,Maharashtra,West,Consumer,2024-03-11,1994-10-16,Y,545,2026-02-05 23:00:00
C0286,Liam Das,liam.das286@example.com,Hyderabad,Telangana,South,Corporate,2024-03-22,1995-11-17,Y,582,2026-02-06 02:00:00
C0287,Sophia Shah,sophia.shah287@example.com,Bhubaneswar,Odisha,East,Home Office,2024-04-02,1996-12-18,Y,619,2026-02-06 05:00:00
C0288,Aarav Kumar,aarav.kumar288@example.com,Delhi,Delhi,North,Consumer,2024-04-13,1997-01-19,Y,656,2026-02-06 08:00:00
C0289,Meera Singh,meera.singh289@example.com,Kochi,Kerala,South,Corporate,2024-04-24,1998-02-20,N,693,2026-02-06 11:00:00
C0290,Vikram Menon,vikram.menon290@example.com,Chennai,Tamil Nadu,South,Home Office,2024-05-05,1999-03-21,Y,730,2026-02-06 14:00:00
C0291,Sneha Davis,sneha.davis291@example.com,Jaipur,Rajasthan,North,Consumer,2024-05-16,2000-04-22,Y,767,2026-02-06 17:00:00
C0292,Naveen Patel,naveen.patel292@example.com,Mumbai,Maharashtra,West,Corporate,2024-05-27,2001-05-23,Y,804,2026-02-06 20:00:00
C0293,Asha Reddy,asha.reddy293@example.com,Bengaluru,Karnataka,South,Home Office,2024-06-07,2002-06-24,Y,841,2026-02-06 23:00:00
C0294,Liam Brown,liam.brown294@example.com,Kolkata,West Bengal,East,Consumer,2024-06-18,2003-07-25,Y,878,2026-02-07 02:00:00
C0295,Sophia Nair,sophia.nair295@example.com,Pune,Maharashtra,West,Corporate,2024-06-29,2004-08-26,Y,915,2026-02-07 05:00:00
C0296,Aarav Verma,,Hyderabad,Telangana,South,Home Office,2024-07-10,1968-09-27,Y,952,2026-02-07 08:00:00
C0297,Meera Ram,meera.ram297@example.com,Bhubaneswar,Odisha,East,Consumer,2024-07-21,1969-10-01,Y,989,2026-02-07 11:00:00
C0298,Vikram Rao,vikram.rao298@example.com,Delhi,Delhi,North,Corporate,2024-08-01,1970-11-02,Y,1026,2026-02-07 14:00:00
C0299,Sneha Iyer,sneha.iyer299@example.com,Kochi,Kerala,South,Home Office,2024-08-12,1971-12-03,Y,1063,2026-02-07 17:00:00
C0300,Naveen Jose,naveen.jose300@example.com,Chennai,Tamil Nadu,South,Consumer,2024-08-23,1972-01-04,Y,1100,2026-02-07 20:00:00
C0301,Asha Sharma,asha.sharma301@example.com,Jaipur,Rajasthan,North,Corporate,2024-09-03,1973-02-05,Y,1137,2026-02-07 23:00:00
C0302,Liam Das,liam.das302@example.com,Mumbai,Maharashtra,West,Home Office,2024-09-14,1974-03-06,Y,1174,2026-02-08 02:00:00
C0303,Sophia Shah,sophia.shah303@example.com,Bengaluru,Karnataka,South,Consumer,2024-09-25,1975-04-07,Y,1211,2026-02-08 05:00:00
C0304,Aarav Kumar,aarav.kumar304@example.com,Kolkata,West Bengal,East,Corporate,2024-10-06,1976-05-08,Y,1248,2026-02-08 08:00:00
C0305,Meera Singh,meera.singh305@example.com,Pune,Maharashtra,West,Home Office,2024-10-17,1977-06-09,Y,1285,2026-02-08 11:00:00
C0306,Vikram Menon,vikram.menon306@example.com,Hyderabad,Telangana,South,Consumer,2024-10-28,1978-07-10,N,1322,2026-02-08 14:00:00
C0307,Sneha Davis,sneha.davis307@example.com,Bhubaneswar,Odisha,East,Corporate,2024-11-08,1979-08-11,Y,1359,2026-02-08 17:00:00
C0308,Naveen Patel,naveen.patel308@example.com,Delhi,Delhi,North,Home Office,2024-11-19,1980-09-12,Y,1396,2026-02-08 20:00:00
C0309,Asha Reddy,asha.reddy309@example.com,Kochi,Kerala,South,Consumer,2024-11-30,1981-10-13,Y,1433,2026-02-08 23:00:00
C0310,Liam Brown,liam.brown310@example.com,Chennai,Tamil Nadu,South,Corporate,2024-12-11,1982-11-14,Y,1470,2026-02-09 02:00:00
C0311,Sophia Nair,sophia.nair311@example.com,Jaipur,Rajasthan,North,Home Office,2024-12-22,1983-12-15,Y,1507,2026-02-09 05:00:00
C0312,Aarav Verma,aarav.verma312@example.com,Mumbai,Maharashtra,West,Consumer,2025-01-02,1984-01-16,Y,1544,2026-02-09 08:00:00
C0313,Meera Ram,meera.ram313@example.com,Bengaluru,Karnataka,South,Corporate,2025-01-13,1985-02-17,Y,1581,2026-02-09 11:00:00
C0314,Vikram Rao,vikram.rao314@example.com,Kolkata,West Bengal,East,Home Office,2025-01-24,1986-03-18,Y,1618,2026-02-09 14:00:00
C0315,Sneha Iyer,sneha.iyer315@example.com,Pune,Maharashtra,West,Consumer,2025-02-04,1987-04-19,Y,1655,2026-02-09 17:00:00
C0316,Naveen Jose,naveen.jose316@example.com,Hyderabad,Telangana,South,Corporate,2025-02-15,1988-05-20,Y,1692,2026-02-09 20:00:00
C0317,Asha Sharma,asha.sharma317@example.com,Bhubaneswar,Odisha,East,Home Office,2025-02-26,1989-06-21,Y,1729,2026-02-09 23:00:00
C0318,Liam Das,liam.das318@example.com,,Delhi,North,Consumer,2025-03-09,1990-07-22,Y,1766,2026-02-10 02:00:00
C0319,Sophia Shah,sophia.shah319@example.com,Kochi,Kerala,South,Corporate,2025-03-20,1991-08-23,Y,1803,2026-02-10 05:00:00
C0320,Aarav Kumar,aarav.kumar320@example.com,Chennai,Tamil Nadu,South,Home Office,2025-03-31,1992-09-24,Y,1840,2026-02-10 08:00:00
C0321,Meera Singh,meera.singh321@example.com,Jaipur,Rajasthan,North,Consumer,2025-04-11,1993-10-25,Y,1877,2026-02-10 11:00:00
C0322,Vikram Menon,vikram.menon322@example.com,Mumbai,Maharashtra,West,Corporate,2025-04-22,1994-11-26,Y,1914,2026-02-10 14:00:00
C0323,Sneha Davis,sneha.davis323@example.com,Bengaluru,Karnataka,South,Home Office,2025-05-03,1995-12-27,N,1951,2026-02-10 17:00:00
C0324,Naveen Patel,naveen.patel324@example.com,Kolkata,West Bengal,East,Consumer,2025-05-14,1996-01-01,Y,1988,2026-02-10 20:00:00
C0325,Asha Reddy,asha.reddy325@example.com,Pune,Maharashtra,West,Corporate,2025-05-25,1997-02-02,Y,2025,2026-02-10 23:00:00
C0326,Liam Brown,liam.brown326@example.com,Hyderabad,Telangana,South,Home Office,2025-06-05,1998-03-03,Y,2062,2026-02-11 02:00:00
C0327,Sophia Nair,sophia.nair327@example.com,Bhubaneswar,Odisha,East,Consumer,2025-06-16,1999-04-04,Y,2099,2026-02-11 05:00:00
C0328,Aarav Verma,aarav.verma328@example.com,Delhi,Delhi,North,Corporate,2023-01-09,2000-05-05,Y,2136,2026-02-11 08:00:00
C0329,Meera Ram,meera.ram329@example.com,Kochi,Kerala,South,Home Office,2023-01-20,2001-06-06,Y,2173,2026-02-11 11:00:00
C0330,Vikram Rao,vikram.rao330@example.com,Chennai,Tamil Nadu,South,Consumer,2023-01-31,2002-07-07,Y,2210,2026-02-11 14:00:00
C0331,Sneha Iyer,sneha.iyer331@example.com,Jaipur,Rajasthan,North,Corporate,2023-02-11,2003-08-08,Y,2247,2026-02-11 17:00:00
C0332,Naveen Jose,naveen.jose332@example.com,Mumbai,Maharashtra,West,Home Office,2023-02-22,2004-09-09,Y,2284,2026-02-11 20:00:00
C0333,Asha Sharma,,Bengaluru,Karnataka,South,Consumer,2023-03-05,1968-10-10,Y,2321,2026-02-11 23:00:00
C0334,Liam Das,liam.das334@example.com,Kolkata,West Bengal,East,Corporate,2023-03-16,1969-11-11,Y,2358,2026-02-12 02:00:00
C0335,Sophia Shah,sophia.shah335@example.com,Pune,Maharashtra,West,Home Office,2023-03-27,1970-12-12,Y,2395,2026-02-12 05:00:00
C0336,Aarav Kumar,aarav.kumar336@example.com,Hyderabad,Telangana,South,Consumer,2023-04-07,1971-01-13,Y,2432,2026-02-12 08:00:00
C0337,Meera Singh,meera.singh337@example.com,Bhubaneswar,Odisha,East,Corporate,2023-04-18,1972-02-14,Y,2469,2026-02-12 11:00:00
C0338,Vikram Menon,vikram.menon338@example.com,Delhi,Delhi,North,Home Office,2023-04-29,1973-03-15,Y,2506,2026-02-12 14:00:00
C0339,Sneha Davis,sneha.davis339@example.com,Kochi,Kerala,South,Consumer,2023-05-10,1974-04-16,Y,2543,2026-02-12 17:00:00
C0340,Naveen Patel,naveen.patel340@example.com,Chennai,Tamil Nadu,South,Corporate,2023-05-21,1975-05-17,N,2580,2026-02-12 20:00:00
C0341,Asha Reddy,asha.reddy341@example.com,Jaipur,Rajasthan,North,Home Office,2023-06-01,1976-06-18,Y,2617,2026-02-12 23:00:00
C0342,Liam Brown,liam.brown342@example.com,Mumbai,Maharashtra,West,Consumer,2023-06-12,1977-07-19,Y,2654,2026-02-13 02:00:00
C0343,Sophia Nair,sophia.nair343@example.com,Bengaluru,Karnataka,South,Corporate,2023-06-23,1978-08-20,Y,2691,2026-02-13 05:00:00
C0344,Aarav Verma,aarav.verma344@example.com,Kolkata,West Bengal,East,Home Office,2023-07-04,1979-09-21,Y,2728,2026-02-13 08:00:00
C0345,Meera Ram,meera.ram345@example.com,Pune,Maharashtra,West,Consumer,2023-07-15,1980-10-22,Y,2765,2026-02-13 11:00:00
C0346,Vikram Rao,vikram.rao346@example.com,Hyderabad,Telangana,South,Corporate,2023-07-26,1981-11-23,Y,2802,2026-02-13 14:00:00
C0347,Sneha Iyer,sneha.iyer347@example.com,Bhubaneswar,Odisha,East,Home Office,2023-08-06,1982-12-24,Y,2839,2026-02-13 17:00:00
C0348,Naveen Jose,naveen.jose348@example.com,Delhi,Delhi,North,Consumer,2023-08-17,1983-01-25,Y,2876,2026-02-13 20:00:00
C0349,Asha Sharma,asha.sharma349@example.com,Kochi,Kerala,South,Corporate,2023-08-28,1984-02-26,Y,2913,2026-02-13 23:00:00
C0350,Liam Das,liam.das350@example.com,Chennai,Tamil Nadu,South,Home Office,2023-09-08,1985-03-27,Y,2950,2026-02-14 02:00:00
C0351,Sophia Shah,sophia.shah351@example.com,Jaipur,Rajasthan,North,Consumer,2023-09-19,1986-04-01,Y,2987,2026-02-14 05:00:00
C0352,Aarav Kumar,aarav.kumar352@example.com,Mumbai,Maharashtra,West,Corporate,2023-09-30,1987-05-02,Y,3024,2026-02-14 08:00:00
C0353,Meera Singh,meera.singh353@example.com,Bengaluru,Karnataka,South,Home Office,2023-10-11,1988-06-03,Y,3061,2026-02-14 11:00:00
C0354,Vikram Menon,vikram.menon354@example.com,Kolkata,West Bengal,East,Consumer,2023-10-22,1989-07-04,Y,3098,2026-02-14 14:00:00
C0355,Sneha Davis,sneha.davis355@example.com,Pune,Maharashtra,West,Corporate,2023-11-02,1990-08-05,Y,3135,2026-02-14 17:00:00
C0356,Naveen Patel,naveen.patel356@example.com,Hyderabad,Telangana,South,Home Office,2023-11-13,1991-09-06,Y,3172,2026-02-14 20:00:00
C0357,Asha Reddy,asha.reddy357@example.com,Bhubaneswar,Odisha,East,Consumer,2023-11-24,1992-10-07,N,3209,2026-02-14 23:00:00
C0358,Liam Brown,liam.brown358@example.com,Delhi,Delhi,North,Corporate,2023-12-05,1993-11-08,Y,3246,2026-02-15 02:00:00
C0359,Sophia Nair,sophia.nair359@example.com,Kochi,Kerala,South,Home Office,2023-12-16,1994-12-09,Y,3283,2026-02-15 05:00:00
C0360,Aarav Verma,aarav.verma360@example.com,Chennai,Tamil Nadu,South,Consumer,2023-12-27,1995-01-10,Y,3320,2026-02-15 08:00:00
C0361,Meera Ram,meera.ram361@example.com,Jaipur,Rajasthan,North,Corporate,2024-01-07,1996-02-11,Y,3357,2026-02-15 11:00:00
C0362,Vikram Rao,vikram.rao362@example.com,Mumbai,Maharashtra,West,Home Office,2024-01-18,1997-03-12,Y,3394,2026-02-15 14:00:00
C0363,Sneha Iyer,sneha.iyer363@example.com,Bengaluru,Karnataka,South,Consumer,2024-01-29,1998-04-13,Y,3431,2026-02-15 17:00:00
C0364,Naveen Jose,naveen.jose364@example.com,Kolkata,West Bengal,East,Corporate,2024-02-09,1999-05-14,Y,3468,2026-02-15 20:00:00
C0365,Asha Sharma,asha.sharma365@example.com,Pune,Maharashtra,West,Home Office,2024-02-20,2000-06-15,Y,3505,2026-02-15 23:00:00
C0366,Liam Das,liam.das366@example.com,Hyderabad,Telangana,South,Consumer,2024-03-02,2001-07-16,Y,3542,2026-02-16 02:00:00
C0367,Sophia Shah,sophia.shah367@example.com,Bhubaneswar,Odisha,East,Corporate,2024-03-13,2002-08-17,Y,3579,2026-02-16 05:00:00
C0368,Aarav Kumar,aarav.kumar368@example.com,Delhi,Delhi,North,Home Office,2024-03-24,2003-09-18,Y,3616,2026-02-16 08:00:00
C0369,Meera Singh,meera.singh369@example.com,Kochi,Kerala,South,Consumer,2024-04-04,2004-10-19,Y,3653,2026-02-16 11:00:00
C0370,Vikram Menon,,Chennai,Tamil Nadu,South,Corporate,2024-04-15,1968-11-20,Y,3690,2026-02-16 14:00:00
C0371,Sneha Davis,sneha.davis371@example.com,,Rajasthan,North,Home Office,2024-04-26,1969-12-21,Y,3727,2026-02-16 17:00:00
C0372,Naveen Patel,naveen.patel372@example.com,Mumbai,Maharashtra,West,Consumer,2024-05-07,1970-01-22,Y,3764,2026-02-16 20:00:00
C0373,Asha Reddy,asha.reddy373@example.com,Bengaluru,Karnataka,South,Corporate,2024-05-18,1971-02-23,Y,3801,2026-02-16 23:00:00
C0374,Liam Brown,liam.brown374@example.com,Kolkata,West Bengal,East,Home Office,2024-05-29,1972-03-24,N,3838,2026-02-17 02:00:00
C0375,Sophia Nair,sophia.nair375@example.com,Pune,Maharashtra,West,Consumer,2024-06-09,1973-04-25,Y,3875,2026-02-17 05:00:00
C0376,Aarav Verma,aarav.verma376@example.com,Hyderabad,Telangana,South,Corporate,2024-06-20,1974-05-26,Y,3912,2026-02-17 08:00:00
C0377,Meera Ram,meera.ram377@example.com,Bhubaneswar,Odisha,East,Home Office,2024-07-01,1975-06-27,Y,3949,2026-02-17 11:00:00
C0378,Vikram Rao,vikram.rao378@example.com,Delhi,Delhi,North,Consumer,2024-07-12,1976-07-01,Y,3986,2026-02-17 14:00:00
C0379,Sneha Iyer,sneha.iyer379@example.com,Kochi,Kerala,South,Corporate,2024-07-23,1977-08-02,Y,4023,2026-02-17 17:00:00
C0380,Naveen Jose,naveen.jose380@example.com,Chennai,Tamil Nadu,South,Home Office,2024-08-03,1978-09-03,Y,4060,2026-02-17 20:00:00
C0381,Asha Sharma,asha.sharma381@example.com,Jaipur,Rajasthan,North,Consumer,2024-08-14,1979-10-04,Y,4097,2026-02-17 23:00:00
C0382,Liam Das,liam.das382@example.com,Mumbai,Maharashtra,West,Corporate,2024-08-25,1980-11-05,Y,4134,2026-02-18 02:00:00
C0383,Sophia Shah,sophia.shah383@example.com,Bengaluru,Karnataka,South,Home Office,2024-09-05,1981-12-06,Y,4171,2026-02-18 05:00:00
C0384,Aarav Kumar,aarav.kumar384@example.com,Kolkata,West Bengal,East,Consumer,2024-09-16,1982-01-07,Y,4208,2026-02-18 08:00:00
C0385,Meera Singh,meera.singh385@example.com,Pune,Maharashtra,West,Corporate,2024-09-27,1983-02-08,Y,4245,2026-02-18 11:00:00
C0386,Vikram Menon,vikram.menon386@example.com,Hyderabad,Telangana,South,Home Office,2024-10-08,1984-03-09,Y,4282,2026-02-18 14:00:00
C0387,Sneha Davis,sneha.davis387@example.com,Bhubaneswar,Odisha,East,Consumer,2024-10-19,1985-04-10,Y,4319,2026-02-18 17:00:00
C0388,Naveen Patel,naveen.patel388@example.com,Delhi,Delhi,North,Corporate,2024-10-30,1986-05-11,Y,4356,2026-02-18 20:00:00
C0389,Asha Reddy,asha.reddy389@example.com,Kochi,Kerala,South,Home Office,2024-11-10,1987-06-12,Y,4393,2026-02-18 23:00:00
C0390,Liam Brown,liam.brown390@example.com,Chennai,Tamil Nadu,South,Consumer,2024-11-21,1988-07-13,Y,4430,2026-02-19 02:00:00
C0391,Sophia Nair,sophia.nair391@example.com,Jaipur,Rajasthan,North,Corporate,2024-12-02,1989-08-14,N,4467,2026-02-19 05:00:00
C0392,Aarav Verma,aarav.verma392@example.com,Mumbai,Maharashtra,West,Home Office,2024-12-13,1990-09-15,Y,4504,2026-02-19 08:00:00
C0393,Meera Ram,meera.ram393@example.com,Bengaluru,Karnataka,South,Consumer,2024-12-24,1991-10-16,Y,4541,2026-02-19 11:00:00
C0394,Vikram Rao,vikram.rao394@example.com,Kolkata,West Bengal,East,Corporate,2025-01-04,1992-11-17,Y,4578,2026-02-19 14:00:00
C0395,Sneha Iyer,sneha.iyer395@example.com,Pune,Maharashtra,West,Home Office,2025-01-15,1993-12-18,Y,4615,2026-02-19 17:00:00
C0396,Naveen Jose,naveen.jose396@example.com,Hyderabad,Telangana,South,Consumer,2025-01-26,1994-01-19,Y,4652,2026-02-19 20:00:00
C0397,Asha Sharma,asha.sharma397@example.com,Bhubaneswar,Odisha,East,Corporate,2025-02-06,1995-02-20,Y,4689,2026-02-19 23:00:00
C0398,Liam Das,liam.das398@example.com,Delhi,Delhi,North,Home Office,2025-02-17,1996-03-21,Y,4726,2026-02-20 02:00:00
C0399,Sophia Shah,sophia.shah399@example.com,Kochi,Kerala,South,Consumer,2025-02-28,1997-04-22,Y,4763,2026-02-20 05:00:00
C0400,Aarav Kumar,aarav.kumar400@example.com,Chennai,Tamil Nadu,South,Corporate,2025-03-11,1998-05-23,Y,4800,2026-02-20 08:00:00
C0401,Meera Singh,meera.singh401@example.com,Jaipur,Rajasthan,North,Home Office,2025-03-22,1999-06-24,Y,4837,2026-02-20 11:00:00
C0402,Vikram Menon,vikram.menon402@example.com,Mumbai,Maharashtra,West,Consumer,2025-04-02,2000-07-25,Y,4874,2026-02-20 14:00:00
C0403,Sneha Davis,sneha.davis403@example.com,Bengaluru,Karnataka,South,Corporate,2025-04-13,2001-08-26,Y,4911,2026-02-20 17:00:00
C0404,Naveen Patel,naveen.patel404@example.com,Kolkata,West Bengal,East,Home Office,2025-04-24,2002-09-27,Y,4948,2026-02-20 20:00:00
C0405,Asha Reddy,asha.reddy405@example.com,Pune,Maharashtra,West,Consumer,2025-05-05,2003-10-01,Y,4985,2026-02-20 23:00:00
C0406,Liam Brown,liam.brown406@example.com,Hyderabad,Telangana,South,Corporate,2025-05-16,2004-11-02,Y,22,2026-02-21 02:00:00
C0407,Sophia Nair,,Bhubaneswar,Odisha,East,Home Office,2025-05-27,1968-12-03,Y,59,2026-02-21 05:00:00
C0408,Aarav Verma,aarav.verma408@example.com,Delhi,Delhi,North,Consumer,2025-06-07,1969-01-04,N,96,2026-02-21 08:00:00
C0409,Meera Ram,meera.ram409@example.com,Kochi,Kerala,South,Corporate,2025-06-18,1970-02-05,Y,133,2026-02-21 11:00:00
C0410,Vikram Rao,vikram.rao410@example.com,Chennai,Tamil Nadu,South,Home Office,2023-01-11,1971-03-06,Y,170,2026-02-21 14:00:00
C0411,Sneha Iyer,sneha.iyer411@example.com,Jaipur,Rajasthan,North,Consumer,2023-01-22,1972-04-07,Y,207,2026-02-21 17:00:00
C0412,Naveen Jose,naveen.jose412@example.com,Mumbai,Maharashtra,West,Corporate,2023-02-02,1973-05-08,Y,244,2026-02-21 20:00:00
C0413,Asha Sharma,asha.sharma413@example.com,Bengaluru,Karnataka,South,Home Office,2023-02-13,1974-06-09,Y,281,2026-02-21 23:00:00
C0414,Liam Das,liam.das414@example.com,Kolkata,West Bengal,East,Consumer,2023-02-24,1975-07-10,Y,318,2026-02-22 02:00:00
C0415,Sophia Shah,sophia.shah415@example.com,Pune,Maharashtra,West,Corporate,2023-03-07,1976-08-11,Y,355,2026-02-22 05:00:00
C0416,Aarav Kumar,aarav.kumar416@example.com,Hyderabad,Telangana,South,Home Office,2023-03-18,1977-09-12,Y,392,2026-02-22 08:00:00
C0417,Meera Singh,meera.singh417@example.com,Bhubaneswar,Odisha,East,Consumer,2023-03-29,1978-10-13,Y,429,2026-02-22 11:00:00
C0418,Vikram Menon,vikram.menon418@example.com,Delhi,Delhi,North,Corporate,2023-04-09,1979-11-14,Y,466,2026-02-22 14:00:00
C0419,Sneha Davis,sneha.davis419@example.com,Kochi,Kerala,South,Home Office,2023-04-20,1980-12-15,Y,503,2026-02-22 17:00:00
C0420,Naveen Patel,naveen.patel420@example.com,Chennai,Tamil Nadu,South,Consumer,2023-05-01,1981-01-16,Y,540,2026-02-22 20:00:00
C0421,Asha Reddy,asha.reddy421@example.com,Jaipur,Rajasthan,North,Corporate,2023-05-12,1982-02-17,Y,577,2026-02-22 23:00:00
C0422,Liam Brown,liam.brown422@example.com,Mumbai,Maharashtra,West,Home Office,2023-05-23,1983-03-18,Y,614,2026-02-23 02:00:00
C0423,Sophia Nair,sophia.nair423@example.com,Bengaluru,Karnataka,South,Consumer,2023-06-03,1984-04-19,Y,651,2026-02-23 05:00:00
C0424,Aarav Verma,aarav.verma424@example.com,,West Bengal,East,Corporate,2023-06-14,1985-05-20,Y,688,2026-02-23 08:00:00
C0425,Meera Ram,meera.ram425@example.com,Pune,Maharashtra,West,Home Office,2023-06-25,1986-06-21,N,725,2026-02-23 11:00:00
C0426,Vikram Rao,vikram.rao426@example.com,Hyderabad,Telangana,South,Consumer,2023-07-06,1987-07-22,Y,762,2026-02-23 14:00:00
C0427,Sneha Iyer,sneha.iyer427@example.com,Bhubaneswar,Odisha,East,Corporate,2023-07-17,1988-08-23,Y,799,2026-02-23 17:00:00
C0428,Naveen Jose,naveen.jose428@example.com,Delhi,Delhi,North,Home Office,2023-07-28,1989-09-24,Y,836,2026-02-23 20:00:00
C0429,Asha Sharma,asha.sharma429@example.com,Kochi,Kerala,South,Consumer,2023-08-08,1990-10-25,Y,873,2026-02-23 23:00:00
C0430,Liam Das,liam.das430@example.com,Chennai,Tamil Nadu,South,Corporate,2023-08-19,1991-11-26,Y,910,2026-02-24 02:00:00
C0431,Sophia Shah,sophia.shah431@example.com,Jaipur,Rajasthan,North,Home Office,2023-08-30,1992-12-27,Y,947,2026-02-24 05:00:00
C0432,Aarav Kumar,aarav.kumar432@example.com,Mumbai,Maharashtra,West,Consumer,2023-09-10,1993-01-01,Y,984,2026-02-24 08:00:00
C0433,Meera Singh,meera.singh433@example.com,Bengaluru,Karnataka,South,Corporate,2023-09-21,1994-02-02,Y,1021,2026-02-24 11:00:00
C0434,Vikram Menon,vikram.menon434@example.com,Kolkata,West Bengal,East,Home Office,2023-10-02,1995-03-03,Y,1058,2026-02-24 14:00:00
C0435,Sneha Davis,sneha.davis435@example.com,Pune,Maharashtra,West,Consumer,2023-10-13,1996-04-04,Y,1095,2026-02-24 17:00:00
C0436,Naveen Patel,naveen.patel436@example.com,Hyderabad,Telangana,South,Corporate,2023-10-24,1997-05-05,Y,1132,2026-02-24 20:00:00
C0437,Asha Reddy,asha.reddy437@example.com,Bhubaneswar,Odisha,East,Home Office,2023-11-04,1998-06-06,Y,1169,2026-02-24 23:00:00
C0438,Liam Brown,liam.brown438@example.com,Delhi,Delhi,North,Consumer,2023-11-15,1999-07-07,Y,1206,2026-02-25 02:00:00
C0439,Sophia Nair,sophia.nair439@example.com,Kochi,Kerala,South,Corporate,2023-11-26,2000-08-08,Y,1243,2026-02-25 05:00:00
C0440,Aarav Verma,aarav.verma440@example.com,Chennai,Tamil Nadu,South,Home Office,2023-12-07,2001-09-09,Y,1280,2026-02-25 08:00:00
C0441,Meera Ram,meera.ram441@example.com,Jaipur,Rajasthan,North,Consumer,2023-12-18,2002-10-10,Y,1317,2026-02-25 11:00:00
C0442,Vikram Rao,vikram.rao442@example.com,Mumbai,Maharashtra,West,Corporate,2023-12-29,2003-11-11,N,1354,2026-02-25 14:00:00
C0443,Sneha Iyer,sneha.iyer443@example.com,Bengaluru,Karnataka,South,Home Office,2024-01-09,2004-12-12,Y,1391,2026-02-25 17:00:00
C0444,Naveen Jose,,Kolkata,West Bengal,East,Consumer,2024-01-20,1968-01-13,Y,1428,2026-02-25 20:00:00
C0445,Asha Sharma,asha.sharma445@example.com,Pune,Maharashtra,West,Corporate,2024-01-31,1969-02-14,Y,1465,2026-02-25 23:00:00
C0446,Liam Das,liam.das446@example.com,Hyderabad,Telangana,South,Home Office,2024-02-11,1970-03-15,Y,1502,2026-02-26 02:00:00
C0447,Sophia Shah,sophia.shah447@example.com,Bhubaneswar,Odisha,East,Consumer,2024-02-22,1971-04-16,Y,1539,2026-02-26 05:00:00
C0448,Aarav Kumar,aarav.kumar448@example.com,Delhi,Delhi,North,Corporate,2024-03-04,1972-05-17,Y,1576,2026-02-26 08:00:00
C0449,Meera Singh,meera.singh449@example.com,Kochi,Kerala,South,Home Office,2024-03-15,1973-06-18,Y,1613,2026-02-26 11:00:00
C0450,Vikram Menon,vikram.menon450@example.com,Chennai,Tamil Nadu,South,Consumer,2024-03-26,1974-07-19,Y,1650,2026-02-26 14:00:00
C0451,Sneha Davis,sneha.davis451@example.com,Jaipur,Rajasthan,North,Corporate,2024-04-06,1975-08-20,Y,1687,2026-02-26 17:00:00
C0452,Naveen Patel,naveen.patel452@example.com,Mumbai,Maharashtra,West,Home Office,2024-04-17,1976-09-21,Y,1724,2026-02-26 20:00:00
C0453,Asha Reddy,asha.reddy453@example.com,Bengaluru,Karnataka,South,Consumer,2024-04-28,1977-10-22,Y,1761,2026-02-26 23:00:00
C0454,Liam Brown,liam.brown454@example.com,Kolkata,West Bengal,East,Corporate,2024-05-09,1978-11-23,Y,1798,2026-02-27 02:00:00
C0455,Sophia Nair,sophia.nair455@example.com,Pune,Maharashtra,West,Home Office,2024-05-20,1979-12-24,Y,1835,2026-02-27 05:00:00
C0456,Aarav Verma,aarav.verma456@example.com,Hyderabad,Telangana,South,Consumer,2024-05-31,1980-01-25,Y,1872,2026-02-27 08:00:00
C0457,Meera Ram,meera.ram457@example.com,Bhubaneswar,Odisha,East,Corporate,2024-06-11,1981-02-26,Y,1909,2026-02-27 11:00:00
C0458,Vikram Rao,vikram.rao458@example.com,Delhi,Delhi,North,Home Office,2024-06-22,1982-03-27,Y,1946,2026-02-27 14:00:00
C0459,Sneha Iyer,sneha.iyer459@example.com,Kochi,Kerala,South,Consumer,2024-07-03,1983-04-01,N,1983,2026-02-27 17:00:00
C0460,Naveen Jose,naveen.jose460@example.com,Chennai,Tamil Nadu,South,Corporate,2024-07-14,1984-05-02,Y,2020,2026-02-27 20:00:00
C0461,Asha Sharma,asha.sharma461@example.com,Jaipur,Rajasthan,North,Home Office,2024-07-25,1985-06-03,Y,2057,2026-02-27 23:00:00
C0462,Liam Das,liam.das462@example.com,Mumbai,Maharashtra,West,Consumer,2024-08-05,1986-07-04,Y,2094,2026-02-28 02:00:00
C0463,Sophia Shah,sophia.shah463@example.com,Bengaluru,Karnataka,South,Corporate,2024-08-16,1987-08-05,Y,2131,2026-02-28 05:00:00
C0464,Aarav Kumar,aarav.kumar464@example.com,Kolkata,West Bengal,East,Home Office,2024-08-27,1988-09-06,Y,2168,2026-02-28 08:00:00
C0465,Meera Singh,meera.singh465@example.com,Pune,Maharashtra,West,Consumer,2024-09-07,1989-10-07,Y,2205,2026-02-28 11:00:00
C0466,Vikram Menon,vikram.menon466@example.com,Hyderabad,Telangana,South,Corporate,2024-09-18,1990-11-08,Y,2242,2026-02-28 14:00:00
C0467,Sneha Davis,sneha.davis467@example.com,Bhubaneswar,Odisha,East,Home Office,2024-09-29,1991-12-09,Y,2279,2026-02-28 17:00:00
C0468,Naveen Patel,naveen.patel468@example.com,Delhi,Delhi,North,Consumer,2024-10-10,1992-01-10,Y,2316,2026-02-28 20:00:00
C0469,Asha Reddy,asha.reddy469@example.com,Kochi,Kerala,South,Corporate,2024-10-21,1993-02-11,Y,2353,2026-02-28 23:00:00
C0470,Liam Brown,liam.brown470@example.com,Chennai,Tamil Nadu,South,Home Office,2024-11-01,1994-03-12,Y,2390,2026-03-01 02:00:00
C0471,Sophia Nair,sophia.nair471@example.com,Jaipur,Rajasthan,North,Consumer,2024-11-12,1995-04-13,Y,2427,2026-03-01 05:00:00
C0472,Aarav Verma,aarav.verma472@example.com,Mumbai,Maharashtra,West,Corporate,2024-11-23,1996-05-14,Y,2464,2026-03-01 08:00:00
C0473,Meera Ram,meera.ram473@example.com,Bengaluru,Karnataka,South,Home Office,2024-12-04,1997-06-15,Y,2501,2026-03-01 11:00:00
C0474,Vikram Rao,vikram.rao474@example.com,Kolkata,West Bengal,East,Consumer,2024-12-15,1998-07-16,Y,2538,2026-03-01 14:00:00
C0475,Sneha Iyer,sneha.iyer475@example.com,Pune,Maharashtra,West,Corporate,2024-12-26,1999-08-17,Y,2575,2026-03-01 17:00:00
C0476,Naveen Jose,naveen.jose476@example.com,Hyderabad,Telangana,South,Home Office,2025-01-06,2000-09-18,N,2612,2026-03-01 20:00:00
C0477,Asha Sharma,asha.sharma477@example.com,,Odisha,East,Consumer,2025-01-17,2001-10-19,Y,2649,2026-03-01 23:00:00
C0478,Liam Das,liam.das478@example.com,Delhi,Delhi,North,Corporate,2025-01-28,2002-11-20,Y,2686,2026-03-02 02:00:00
C0479,Sophia Shah,sophia.shah479@example.com,Kochi,Kerala,South,Home Office,2025-02-08,2003-12-21,Y,2723,2026-03-02 05:00:00
C0480,Aarav Kumar,aarav.kumar480@example.com,Chennai,Tamil Nadu,South,Consumer,2025-02-19,2004-01-22,Y,2760,2026-03-02 08:00:00
C0481,Meera Singh,,Jaipur,Rajasthan,North,Corporate,2025-03-02,1968-02-23,Y,2797,2026-03-02 11:00:00
C0482,Vikram Menon,vikram.menon482@example.com,Mumbai,Maharashtra,West,Home Office,2025-03-13,1969-03-24,Y,2834,2026-03-02 14:00:00
C0483,Sneha Davis,sneha.davis483@example.com,Bengaluru,Karnataka,South,Consumer,2025-03-24,1970-04-25,Y,2871,2026-03-02 17:00:00
C0484,Naveen Patel,naveen.patel484@example.com,Kolkata,West Bengal,East,Corporate,2025-04-04,1971-05-26,Y,2908,2026-03-02 20:00:00
C0485,Asha Reddy,asha.reddy485@example.com,Pune,Maharashtra,West,Home Office,2025-04-15,1972-06-27,Y,2945,2026-03-02 23:00:00
C0486,Liam Brown,liam.brown486@example.com,Hyderabad,Telangana,South,Consumer,2025-04-26,1973-07-01,Y,2982,2026-03-03 02:00:00
C0487,Sophia Nair,sophia.nair487@example.com,Bhubaneswar,Odisha,East,Corporate,2025-05-07,1974-08-02,Y,3019,2026-03-03 05:00:00
C0488,Aarav Verma,aarav.verma488@example.com,Delhi,Delhi,North,Home Office,2025-05-18,1975-09-03,Y,3056,2026-03-03 08:00:00
C0489,Meera Ram,meera.ram489@example.com,Kochi,Kerala,South,Consumer,2025-05-29,1976-10-04,Y,3093,2026-03-03 11:00:00
C0490,Vikram Rao,vikram.rao490@example.com,Chennai,Tamil Nadu,South,Corporate,2025-06-09,1977-11-05,Y,3130,2026-03-03 14:00:00
C0001,Sneha Iyer,sneha.iyer1@example.com,Jaipur,Rajasthan,North,Home Office,2023-01-02,1978-12-06,Y,3167,2026-03-03 17:00:00
C0002,Naveen Jose,naveen.jose2@example.com,Mumbai,Maharashtra,West,Consumer,2023-01-13,1979-01-07,Y,3204,2026-03-03 20:00:00
C0003,Asha Sharma,asha.sharma3@example.com,Bengaluru,Karnataka,South,Corporate,2023-01-24,1980-02-08,N,3241,2026-03-03 23:00:00
C0004,Liam Das,liam.das4@example.com,Kolkata,West Bengal,East,Home Office,2023-02-04,1981-03-09,Y,3278,2026-03-04 02:00:00
C0005,Sophia Shah,sophia.shah5@example.com,Pune,Maharashtra,West,Consumer,2023-02-15,1982-04-10,Y,3315,2026-03-04 05:00:00
C0006,Aarav Kumar,aarav.kumar6@example.com,Hyderabad,Telangana,South,Corporate,2023-02-26,1983-05-11,Y,3352,2026-03-04 08:00:00
C0007,Meera Singh,meera.singh7@example.com,Bhubaneswar,Odisha,East,Home Office,2023-03-09,1984-06-12,Y,3389,2026-03-04 11:00:00
C0008,Vikram Menon,vikram.menon8@example.com,Delhi,Delhi,North,Consumer,2023-03-20,1985-07-13,Y,3426,2026-03-04 14:00:00
C0009,Sneha Davis,sneha.davis9@example.com,Kochi,Kerala,South,Corporate,2023-03-31,1986-08-14,Y,3463,2026-03-04 17:00:00
C0010,Naveen Patel,naveen.patel10@example.com,Chennai,Tamil Nadu,South,Home Office,2023-04-11,1987-09-15,Y,3500,2026-03-04 20:00:00
