order_id,order_timestamp,customer_id,product_id,quantity,discount_pct,payment_method,order_status,promised_delivery_date,actual_delivery_date,sales_channel,warehouse_id
O000001,2026-01-08 09:07:00,C0018,P0030,2,5,CARD,COMPLETED,2026-01-12,2026-01-11,MOBILE,WH02
O000002,2026-01-15 10:14:00,C0035,P0059,3,10,CASH,COMPLETED,2026-01-19,2026-01-19,STORE,WH03
O000003,2026-01-22 11:21:00,C0052,P0088,4,15,NET_BANKING,COMPLETED,2026-01-26,2026-01-27,WEB,WH04
O000004,2026-01-29 12:28:00,C0069,P0117,5,20,UPI,COMPLETED,2026-02-02,2026-02-04,MOBILE,WH05
O000005,2026-02-05 13:35:00,C0086,P0146,1,0,CARD,COMPLETED,2026-02-09,2026-02-12,STORE,WH01
O000006,2026-02-12 14:42:00,C0103,P0175,2,5,CASH,COMPLETED,2026-02-16,2026-02-14,WEB,WH02
O000007,2026-02-19 15:49:00,C0120,P0204,3,10,NET_BANKING,COMPLETED,2026-02-23,2026-02-22,MOBILE,WH03
O000008,2026-02-26 16:56:00,C0137,P0233,4,15,UPI,COMPLETED,2026-03-02,2026-03-02,STORE,WH04
O000009,2026-03-05 17:03:00,C0154,P0262,5,20,CARD,COMPLETED,2026-03-09,2026-03-10,WEB,WH05
O000010,2026-03-12 08:10:00,C0171,P0291,1,0,CASH,COMPLETED,2026-03-16,2026-03-18,MOBILE,WH01
O000011,2026-03-19 09:17:00,C0188,P0320,2,5,NET_BANKING,COMPLETED,2026-03-23,2026-03-26,STORE,WH02
O000012,2026-03-26 10:24:00,C0205,P0349,3,10,UPI,COMPLETED,2026-03-30,2026-03-28,WEB,WH03
O000013,2026-04-02 11:31:00,C0222,P0378,4,15,CARD,PENDING,2026-04-06,,MOBILE,WH04
O000014,2026-04-09 12:38:00,C0239,P0407,5,20,CASH,COMPLETED,2026-04-13,2026-04-13,STORE,WH05
O000015,2026-04-16 13:45:00,C0256,P0436,1,0,NET_BANKING,COMPLETED,2026-04-20,2026-04-21,WEB,WH01
O000016,2026-04-23 14:52:00,C0273,P0465,2,5,UPI,COMPLETED,2026-04-27,2026-04-29,MOBILE,WH02
O000017,2026-04-30 15:59:00,C0290,P0494,3,10,CARD,RETURNED,2026-05-04,2026-05-07,STORE,WH03
O000018,2026-05-07 16:06:00,C0307,P0023,4,15,CASH,COMPLETED,2026-05-11,2026-05-09,WEB,WH04
O000019,2026-05-14 17:13:00,C0324,P0052,5,20,NET_BANKING,COMPLETED,2026-05-18,2026-05-17,MOBILE,WH05
O000020,2026-05-21 08:20:00,C0341,P0081,1,0,UPI,CANCELLED,2026-05-25,,STORE,WH01
O000021,2026-05-28 09:27:00,C0358,P0110,2,5,CARD,COMPLETED,2026-06-01,2026-06-02,WEB,WH02
O000022,2026-06-04 10:34:00,C0375,P0139,3,10,CASH,COMPLETED,2026-06-08,2026-06-10,MOBILE,WH03
O000023,2026-06-11 11:41:00,C0392,P0168,4,15,NET_BANKING,COMPLETED,2026-06-15,2026-06-18,STORE,WH04
O000024,2026-06-18 12:48:00,C0409,P0197,5,20,UPI,COMPLETED,2026-06-22,2026-06-20,WEB,WH05
O000025,2026-06-25 13:55:00,C0426,P0226,1,0,CARD,COMPLETED,2026-06-29,2026-06-28,MOBILE,WH01
O000026,2026-01-03 14:02:00,C0443,P0255,2,5,CASH,PENDING,2026-01-07,,STORE,WH02
O000027,2026-01-10 15:09:00,C0460,P0284,3,10,NET_BANKING,COMPLETED,2026-01-14,2026-01-15,WEB,WH03
O000028,2026-01-17 16:16:00,C0477,P0313,4,15,UPI,COMPLETED,2026-01-21,2026-01-23,MOBILE,WH04
O000029,2026-01-24 17:23:00,C0004,P0342,5,20,CARD,COMPLETED,2026-01-28,2026-01-31,STORE,WH05
O000030,2026-01-31 08:30:00,C0021,P0371,1,0,CASH,COMPLETED,2026-02-04,2026-02-02,WEB,WH01
O000031,2026-02-07 09:37:00,C0038,P0400,2,5,NET_BANKING,COMPLETED,2026-02-11,2026-02-10,MOBILE,WH02
O000032,2026-02-14 10:44:00,C0055,P0429,3,10,UPI,COMPLETED,2026-02-18,2026-02-18,STORE,WH03
O000033,2026-02-21 11:51:00,C0072,P0458,4,15,CARD,COMPLETED,2026-02-25,2026-02-26,WEB,WH04
O000034,2026-02-28 12:58:00,C0089,P0487,5,20,CASH,RETURNED,2026-03-04,2026-03-06,MOBILE,WH05
O000035,2026-03-07 13:05:00,C0106,P0016,1,0,NET_BANKING,COMPLETED,2026-03-11,2026-03-14,STORE,WH01
O000036,2026-03-14 14:12:00,C0123,P0045,2,5,UPI,COMPLETED,2026-03-18,2026-03-16,WEB,WH02
O000037,2026-03-21 15:19:00,C0140,P0074,3,10,CARD,COMPLETED,2026-03-25,2026-03-24,MOBILE,WH03
O000038,2026-03-28 16:26:00,C0157,P0103,4,15,CASH,COMPLETED,2026-04-01,2026-04-01,STORE,WH04
O000039,2026-04-04 17:33:00,C0174,P0132,5,20,NET_BANKING,PENDING,2026-04-08,,WEB,WH05
O000040,2026-04-11 08:40:00,C0191,P0161,1,0,UPI,CANCELLED,2026-04-15,,MOBILE,WH01
O000041,2026-04-18 09:47:00,C0208,P0190,2,5,CARD,COMPLETED,2026-04-22,2026-04-25,STORE,WH02
O000042,2026-04-25 10:54:00,C0225,P0219,3,10,CASH,COMPLETED,2026-04-29,2026-04-27,WEB,WH03
O000043,2026-05-02 11:01:00,C0242,P0248,4,15,NET_BANKING,COMPLETED,2026-05-06,2026-05-05,MOBILE,WH04
O000044,2026-05-09 12:08:00,C0259,P0277,5,20,UPI,COMPLETED,2026-05-13,2026-05-13,STORE,WH05
O000045,2026-05-16 13:15:00,C0276,P0306,1,0,CARD,COMPLETED,2026-05-20,2026-05-21,WEB,WH01
O000046,2026-05-23 14:22:00,C0293,P0335,2,5,CASH,COMPLETED,2026-05-27,2026-05-29,MOBILE,WH02
O000047,2026-05-30 15:29:00,C0310,P0364,3,,NET_BANKING,COMPLETED,2026-06-03,2026-06-06,STORE,WH03
O000048,2026-06-06 16:36:00,C0327,P0393,4,15,UPI,COMPLETED,2026-06-10,2026-06-08,WEB,WH04
O000049,2026-06-13 17:43:00,C0344,P0422,5,20,CARD,COMPLETED,2026-06-17,2026-06-16,MOBILE,WH05
O000050,2026-06-20 08:50:00,C0361,P0451,1,0,CASH,COMPLETED,2026-06-24,2026-06-24,STORE,WH01
O000051,2026-06-27 09:57:00,C0378,P0480,2,5,NET_BANKING,RETURNED,2026-07-01,2026-07-02,WEB,WH02
O000052,2026-01-05 10:04:00,C0395,P0009,3,10,UPI,PENDING,2026-01-09,,MOBILE,WH03
O000053,2026-01-12 11:11:00,C0412,P0038,4,15,CARD,COMPLETED,2026-01-16,2026-01-19,STORE,WH04
O000054,2026-01-19 12:18:00,C0429,P0067,5,20,CASH,COMPLETED,2026-01-23,2026-01-21,WEB,WH05
O000055,2026-01-26 13:25:00,C0446,P0096,1,0,NET_BANKING,COMPLETED,2026-01-30,2026-01-29,MOBILE,WH01
O000056,2026-02-02 14:32:00,C0463,P0125,2,5,UPI,COMPLETED,2026-02-06,2026-02-06,STORE,WH02
O000057,2026-02-09 15:39:00,C0480,P0154,3,10,CARD,COMPLETED,2026-02-13,2026-02-14,WEB,WH03
O000058,2026-02-16 16:46:00,C0007,P0183,4,15,CASH,COMPLETED,2026-02-20,2026-02-22,MOBILE,WH04
O000059,2026-02-23 17:53:00,C0024,P0212,5,20,NET_BANKING,COMPLETED,2026-02-27,2026-03-02,STORE,WH05
O000060,2026-03-02 08:00:00,C0041,P0241,1,0,UPI,CANCELLED,2026-03-06,,WEB,WH01
O000061,2026-03-09 09:07:00,C0058,P0270,0,5,CARD,COMPLETED,2026-03-13,2026-03-12,MOBILE,WH02
O000062,2026-03-16 10:14:00,C0075,P0299,3,10,CASH,COMPLETED,2026-03-20,2026-03-20,STORE,WH03
O000063,2026-03-23 11:21:00,C0092,P0328,4,15,NET_BANKING,COMPLETED,2026-03-27,2026-03-28,WEB,WH04
O000064,2026-03-30 12:28:00,C0109,P0357,5,20,UPI,COMPLETED,2026-04-03,2026-04-05,MOBILE,WH05
O000065,2026-04-06 13:35:00,C0126,P0386,1,0,CARD,PENDING,2026-04-10,,STORE,WH01
O000066,2026-04-13 14:42:00,C0143,P0415,2,5,CASH,COMPLETED,2026-04-17,2026-04-15,WEB,WH02
O000067,2026-04-20 15:49:00,C0160,P0444,3,10,NET_BANKING,COMPLETED,2026-04-24,2026-04-23,MOBILE,WH03
O000068,2026-04-27 16:56:00,C0177,P0473,4,15,UPI,RETURNED,2026-05-01,2026-05-01,STORE,WH04
O000069,2026-05-04 17:03:00,C0194,P0002,5,20,CARD,COMPLETED,2026-05-08,2026-05-09,WEB,WH05
O000070,2026-05-11 08:10:00,C0211,P0031,1,0,CASH,COMPLETED,2026-05-15,2026-05-17,MOBILE,WH01
O000071,2026-05-18 09:17:00,C0228,P0060,2,5,NET_BANKING,COMPLETED,2026-05-22,2026-05-25,STORE,WH02
O000072,2026-05-25 10:24:00,C0245,P0089,3,10,UPI,COMPLETED,2026-05-29,2026-05-27,WEB,WH03
O000073,2026-06-01 11:31:00,C0262,P0118,4,15,CARD,COMPLETED,2026-06-05,2026-06-04,MOBILE,WH04
O000074,2026-06-08 12:38:00,C0279,P0147,5,20,CASH,COMPLETED,2026-06-12,2026-06-12,STORE,WH05
O000075,2026-06-15 13:45:00,C0296,P0176,1,0,NET_BANKING,COMPLETED,2026-06-19,2026-06-20,WEB,WH01
O000076,2026-06-22 14:52:00,C0313,P0205,2,5,UPI,COMPLETED,2026-06-26,2026-06-28,MOBILE,WH02
O000077,2026-06-29 15:59:00,C0330,P0234,3,10,CARD,COMPLETED,2026-07-03,2026-07-06,STORE,WH03
O000078,2026-01-07 16:06:00,C0347,P0263,4,15,CASH,PENDING,2026-01-11,,WEB,WH04
O000079,2026-01-14 17:13:00,C0364,P0292,5,20,NET_BANKING,COMPLETED,2026-01-18,2026-01-17,MOBILE,WH05
O000080,2026-01-21 08:20:00,C0381,P0321,1,0,UPI,CANCELLED,2026-01-25,,STORE,WH01
O000081,2026-01-28 09:27:00,C0398,P0350,2,5,CARD,COMPLETED,2026-02-01,2026-02-02,WEB,WH02
O000082,2026-02-04 10:34:00,C0415,P0379,3,10,CASH,COMPLETED,2026-02-08,2026-02-10,MOBILE,WH03
O000083,2026-02-11 11:41:00,C0432,P0408,4,15,NET_BANKING,COMPLETED,2026-02-15,2026-02-18,STORE,WH04
O000084,2026-02-18 12:48:00,C0449,P0437,5,20,UPI,COMPLETED,2026-02-22,2026-02-20,WEB,WH05
O000085,2026-02-25 13:55:00,C0466,P0466,1,0,CARD,RETURNED,2026-03-01,2026-02-28,MOBILE,WH01
O000086,2026-03-04 14:02:00,C0483,P0495,2,5,CASH,COMPLETED,2026-03-08,2026-03-08,STORE,WH02
O000087,2026-03-11 15:09:00,C0010,P0024,3,10,NET_BANKING,COMPLETED,2026-03-15,2026-03-16,WEB,WH03
O000088,2026-03-18 16:16:00,C0027,P0053,4,15,UPI,COMPLETED,2026-03-22,2026-03-24,MOBILE,WH04
O000089,2026-03-25 17:23:00,C0044,P0082,5,20,CARD,COMPLETED,2026-03-29,2026-04-01,STORE,WH05
O000090,2026-04-01 08:30:00,C0061,P0111,1,0,CASH,COMPLETED,2026-04-05,2026-04-03,WEB,WH01
O000091,2026-04-08 09:37:00,C0078,P0140,2,5,NET_BANKING,PENDING,2026-04-12,,MOBILE,WH02
O000092,2026-04-15 10:44:00,C0095,P0169,3,10,UPI,COMPLETED,2026-04-19,2026-04-19,STORE,WH03
O000093,2026-04-22 11:51:00,C0112,P0198,4,15,CARD,COMPLETED,2026-04-26,2026-04-27,WEB,WH04
O000094,2026-04-29 12:58:00,C0129,P0227,5,,CASH,COMPLETED,2026-05-03,2026-05-05,MOBILE,WH05
O000095,2026-05-06 13:05:00,C0146,P0256,1,0,NET_BANKING,COMPLETED,2026-05-10,2026-05-13,STORE,WH01
O000096,2026-05-13 14:12:00,C0163,P0285,2,5,UPI,COMPLETED,2026-05-17,2026-05-15,WEB,WH02
O000097,2026-05-20 15:19:00,C0180,P0314,3,10,CARD,COMPLETED,2026-05-24,2026-05-23,MOBILE,WH03
O000098,2026-05-27 16:26:00,C0197,P0343,4,15,CASH,COMPLETED,2026-05-31,2026-05-31,STORE,WH04
O000099,2026-06-03 17:33:00,C0214,P0372,5,20,NET_BANKING,COMPLETED,2026-06-07,2026-06-08,WEB,WH05
O000100,2026-06-10 08:40:00,C0231,P0401,1,0,UPI,CANCELLED,2026-06-14,,MOBILE,WH01
O000101,2026-06-17 09:47:00,C0248,P0430,2,5,CARD,COMPLETED,2026-06-21,2026-06-24,STORE,WH02
O000102,2026-06-24 10:54:00,C0265,P0459,3,10,CASH,RETURNED,2026-06-28,2026-06-26,WEB,WH03
O000103,2026-01-02 11:01:00,C0282,P0488,4,15,NET_BANKING,COMPLETED,2026-01-06,2026-01-05,MOBILE,WH04
O000104,2026-01-09 12:08:00,C0299,P0017,5,20,UPI,PENDING,2026-01-13,,STORE,WH05
O000105,2026-01-16 13:15:00,C0316,P0046,1,0,CARD,COMPLETED,2026-01-20,2026-01-21,WEB,WH01
O000106,2026-01-23 14:22:00,C0333,P0075,2,5,CASH,COMPLETED,2026-01-27,2026-01-29,MOBILE,WH02
O000107,2026-01-30 15:29:00,C0350,P0104,3,10,NET_BANKING,COMPLETED,2026-02-03,2026-02-06,STORE,WH03
O000108,2026-02-06 16:36:00,C0367,P0133,4,15,UPI,COMPLETED,2026-02-10,2026-02-08,WEB,WH04
O000109,2026-02-13 17:43:00,C0384,P0162,5,20,CARD,COMPLETED,2026-02-17,2026-02-16,MOBILE,WH05
O000110,2026-02-20 08:50:00,C0401,P0191,1,0,CASH,COMPLETED,2026-02-24,2026-02-24,STORE,WH01
O000111,2026-02-27 09:57:00,C0418,P0220,2,5,NET_BANKING,COMPLETED,2026-03-03,2026-03-04,WEB,WH02
O000112,2026-03-06 10:04:00,C0435,P0249,3,10,UPI,COMPLETED,2026-03-10,2026-03-12,MOBILE,WH03
O000113,2026-03-13 11:11:00,C0452,P0278,4,15,CARD,COMPLETED,2026-03-17,2026-03-20,STORE,WH04
O000114,2026-03-20 12:18:00,C0469,P0307,5,20,CASH,COMPLETED,2026-03-24,2026-03-22,WEB,WH05
O000115,2026-03-27 13:25:00,C0486,P0336,1,0,NET_BANKING,COMPLETED,2026-03-31,2026-03-30,MOBILE,WH01
O000116,2026-04-03 14:32:00,C0013,P0365,2,5,UPI,COMPLETED,2026-04-07,2026-04-07,STORE,WH02
O000117,2026-04-10 15:39:00,C0030,P0394,3,10,CARD,PENDING,2026-04-14,,WEB,WH03
O000118,2026-04-17 16:46:00,C0047,P0423,4,15,CASH,COMPLETED,2026-04-21,2026-04-23,MOBILE,WH04
O000119,2026-04-24 17:53:00,C0064,P0452,5,20,NET_BANKING,RETURNED,2026-04-28,2026-05-01,STORE,WH05
O000120,2026-05-01 08:00:00,C0081,P0481,1,0,UPI,CANCELLED,2026-05-05,,WEB,WH01
O000121,2026-05-08 09:07:00,C0098,P0010,2,5,CARD,COMPLETED,2026-05-12,2026-05-11,MOBILE,WH02
O000122,2026-05-15 10:14:00,C0115,P0039,0,10,CASH,COMPLETED,2026-05-19,2026-05-19,STORE,WH03
O000123,2026-05-22 11:21:00,C0132,P0068,4,15,NET_BANKING,COMPLETED,2026-05-26,2026-05-27,WEB,WH04
O000124,2026-05-29 12:28:00,C0149,P0097,5,20,UPI,COMPLETED,2026-06-02,2026-06-04,MOBILE,WH05
O000125,2026-06-05 13:35:00,C0166,P0126,1,0,CARD,COMPLETED,2026-06-09,2026-06-12,STORE,WH01
O000126,2026-06-12 14:42:00,C0183,P0155,2,5,CASH,COMPLETED,2026-06-16,2026-06-14,WEB,WH02
O000127,2026-06-19 15:49:00,C0200,P0184,3,10,NET_BANKING,COMPLETED,2026-06-23,2026-06-22,MOBILE,WH03
O000128,2026-06-26 16:56:00,C0217,P0213,4,15,UPI,COMPLETED,2026-06-30,2026-06-30,STORE,WH04
O000129,2026-01-04 17:03:00,C0234,P0242,5,20,CARD,COMPLETED,2026-01-08,2026-01-09,WEB,WH05
O000130,2026-01-11 08:10:00,C0251,P0271,1,0,CASH,PENDING,2026-01-15,,MOBILE,WH01
O000131,2026-01-18 09:17:00,C0268,P0300,2,5,NET_BANKING,COMPLETED,2026-01-22,2026-01-25,STORE,WH02
O000132,2026-01-25 10:24:00,C0285,P0329,3,10,UPI,COMPLETED,2026-01-29,2026-01-27,WEB,WH03
O000133,2026-02-01 11:31:00,C0302,P0358,4,15,CARD,COMPLETED,2026-02-05,2026-02-04,MOBILE,WH04
O000134,2026-02-08 12:38:00,C0319,P0387,5,20,CASH,COMPLETED,2026-02-12,2026-02-12,STORE,WH05
O000135,2026-02-15 13:45:00,C0336,P0416,1,0,NET_BANKING,COMPLETED,2026-02-19,2026-02-20,WEB,WH01
O000136,2026-02-22 14:52:00,C0353,P0445,2,5,UPI,RETURNED,2026-02-26,2026-02-28,MOBILE,WH02
O000137,2026-03-01 15:59:00,C0370,P0474,3,10,CARD,COMPLETED,2026-03-05,2026-03-08,STORE,WH03
O000138,2026-03-08 16:06:00,C0387,P0003,4,15,CASH,COMPLETED,2026-03-12,2026-03-10,WEB,WH04
O000139,2026-03-15 17:13:00,C0404,P0032,5,20,NET_BANKING,COMPLETED,2026-03-19,2026-03-18,MOBILE,WH05
O000140,2026-03-22 08:20:00,C0421,P0061,1,0,UPI,CANCELLED,2026-03-26,,STORE,WH01
O000141,2026-03-29 09:27:00,C0438,P0090,2,,CARD,COMPLETED,2026-04-02,2026-04-03,WEB,WH02
O000142,2026-04-05 10:34:00,C0455,P0119,3,10,CASH,COMPLETED,2026-04-09,2026-04-11,MOBILE,WH03
O000143,2026-04-12 11:41:00,C0472,P0148,4,15,NET_BANKING,PENDING,2026-04-16,,STORE,WH04
O000144,2026-04-19 12:48:00,C0489,P0177,5,20,UPI,COMPLETED,2026-04-23,2026-04-21,WEB,WH05
O000145,2026-04-26 13:55:00,C0016,P0206,1,0,CARD,COMPLETED,2026-04-30,2026-04-29,MOBILE,WH01
O000146,2026-05-03 14:02:00,C0033,P0235,2,5,CASH,COMPLETED,2026-05-07,2026-05-07,STORE,WH02
O000147,2026-05-10 15:09:00,C0050,P0264,3,10,NET_BANKING,COMPLETED,2026-05-14,2026-05-15,WEB,WH03
O000148,2026-05-17 16:16:00,C0067,P0293,4,15,UPI,COMPLETED,2026-05-21,2026-05-23,MOBILE,WH04
O000149,2026-05-24 17:23:00,C0084,P0322,-1,20,CARD,COMPLETED,2026-05-28,2026-05-31,STORE,WH05
O000150,2026-05-31 08:30:00,C0101,P0351,1,0,CASH,COMPLETED,2026-06-04,2026-06-02,WEB,WH01
O000151,2026-06-07 09:37:00,C0118,P0380,2,5,NET_BANKING,COMPLETED,2026-06-11,2026-06-10,MOBILE,WH02
O000152,2026-06-14 10:44:00,C0135,P0409,3,10,UPI,COMPLETED,2026-06-18,2026-06-18,STORE,WH03
O000153,2026-06-21 11:51:00,C0152,P0438,4,15,CARD,RETURNED,2026-06-25,2026-06-26,WEB,WH04
O000154,2026-06-28 12:58:00,C0169,P0467,5,20,CASH,COMPLETED,2026-07-02,2026-07-04,MOBILE,WH05
O000155,2026-01-06 13:05:00,C0186,P0496,1,0,NET_BANKING,COMPLETED,2026-01-10,2026-01-13,STORE,WH01
O000156,2026-01-13 14:12:00,C0203,P0025,2,5,UPI,PENDING,2026-01-17,,WEB,WH02
O000157,2026-01-20 15:19:00,C0220,P0054,3,10,CARD,COMPLETED,2026-01-24,2026-01-23,MOBILE,WH03
O000158,2026-01-27 16:26:00,C0237,P0083,4,15,CASH,COMPLETED,2026-01-31,2026-01-31,STORE,WH04
O000159,2026-02-03 17:33:00,C0254,P0112,5,20,NET_BANKING,COMPLETED,2026-02-07,2026-02-08,WEB,WH05
O000160,2026-02-10 08:40:00,C0271,P0141,1,0,UPI,CANCELLED,2026-02-14,,MOBILE,WH01
O000161,2026-02-17 09:47:00,C0288,P0170,2,5,CARD,COMPLETED,2026-02-21,2026-02-24,STORE,WH02
O000162,2026-02-24 10:54:00,C0305,P0199,3,10,CASH,COMPLETED,2026-02-28,2026-02-26,WEB,WH03
O000163,2026-03-03 11:01:00,C0322,P0228,4,15,NET_BANKING,COMPLETED,2026-03-07,2026-03-06,MOBILE,WH04
O000164,2026-03-10 12:08:00,C0339,P0257,5,20,UPI,COMPLETED,2026-03-14,2026-03-14,STORE,WH05
O000165,2026-03-17 13:15:00,C0356,P0286,1,0,CARD,COMPLETED,2026-03-21,2026-03-22,WEB,WH01
O000166,2026-03-24 14:22:00,C0373,P0315,2,5,CASH,COMPLETED,2026-03-28,2026-03-30,MOBILE,WH02
O000167,2026-03-31 15:29:00,C0390,P0344,3,10,NET_BANKING,COMPLETED,2026-04-04,2026-04-07,STORE,WH03
O000168,2026-04-07 16:36:00,C0407,P0373,4,15,UPI,COMPLETED,2026-04-11,2026-04-09,WEB,WH04
O000169,2026-04-14 17:43:00,C0424,P0402,5,20,CARD,PENDING,2026-04-18,,MOBILE,WH05
O000170,2026-04-21 08:50:00,C0441,P0431,1,0,CASH,RETURNED,2026-04-25,2026-04-25,STORE,WH01
O000171,2026-04-28 09:57:00,C0458,P0460,2,5,NET_BANKING,COMPLETED,2026-05-02,2026-05-03,WEB,WH02
O000172,2026-05-05 10:04:00,C0475,P0489,3,10,UPI,COMPLETED,2026-05-09,2026-05-11,MOBILE,WH03
O000173,2026-05-12 11:11:00,C0002,P0018,4,15,CARD,COMPLETED,2026-05-16,2026-05-19,STORE,WH04
O000174,2026-05-19 12:18:00,C0019,P0047,5,20,CASH,COMPLETED,2026-05-23,2026-05-21,WEB,WH05
O000175,2026-05-26 13:25:00,C0036,P0076,1,0,NET_BANKING,COMPLETED,2026-05-30,2026-05-29,MOBILE,WH01
O000176,2026-06-02 14:32:00,C0053,P0105,2,5,UPI,COMPLETED,2026-06-06,2026-06-06,STORE,WH02
O000177,2026-06-09 15:39:00,C0070,P0134,3,10,CARD,COMPLETED,2026-06-13,2026-06-14,WEB,WH03
O000178,2026-06-16 16:46:00,C0087,P0163,4,15,CASH,COMPLETED,2026-06-20,2026-06-22,MOBILE,WH04
O000179,2026-06-23 17:53:00,C0104,P0192,5,20,NET_BANKING,COMPLETED,2026-06-27,2026-06-30,STORE,WH05
O000180,2026-01-01 08:00:00,C0121,P0221,1,0,UPI,CANCELLED,2026-01-05,,WEB,WH01
O000181,2026-01-08 09:07:00,C0138,P0250,2,5,CARD,COMPLETED,2026-01-12,2026-01-11,MOBILE,WH02
O000182,2026-01-15 10:14:00,C0155,P0279,3,10,CASH,PENDING,2026-01-19,,STORE,WH03
O000183,2026-01-22 11:21:00,C0172,P0308,0,15,NET_BANKING,COMPLETED,2026-01-26,2026-01-27,WEB,WH04
O000184,2026-01-29 12:28:00,C0189,P0337,5,20,UPI,COMPLETED,2026-02-02,2026-02-04,MOBILE,WH05
O000185,2026-02-05 13:35:00,C0206,P0366,1,0,CARD,COMPLETED,2026-02-09,2026-02-12,STORE,WH01
O000186,2026-02-12 14:42:00,C0223,P0395,2,5,CASH,COMPLETED,2026-02-16,2026-02-14,WEB,WH02
O000187,2026-02-19 15:49:00,C0240,P0424,3,10,NET_BANKING,RETURNED,2026-02-23,2026-02-22,MOBILE,WH03
O000188,2026-02-26 16:56:00,C0257,P0453,4,,UPI,COMPLETED,2026-03-02,2026-03-02,STORE,WH04
O000189,2026-03-05 17:03:00,C0274,P0482,5,20,CARD,COMPLETED,2026-03-09,2026-03-10,WEB,WH05
O000190,2026-03-12 08:10:00,C0291,P0011,1,0,CASH,COMPLETED,2026-03-16,2026-03-18,MOBILE,WH01
O000191,2026-03-19 09:17:00,C0308,P0040,2,5,NET_BANKING,COMPLETED,2026-03-23,2026-03-26,STORE,WH02
O000192,2026-03-26 10:24:00,C0325,P0069,3,10,UPI,COMPLETED,2026-03-30,2026-03-28,WEB,WH03
O000193,2026-04-02 11:31:00,C0342,P0098,4,15,CARD,COMPLETED,2026-04-06,2026-04-05,MOBILE,WH04
O000194,2026-04-09 12:38:00,C0359,P0127,5,20,CASH,COMPLETED,2026-04-13,2026-04-13,STORE,WH05
O000195,2026-04-16 13:45:00,C0376,P0156,1,0,NET_BANKING,PENDING,2026-04-20,,WEB,WH01
O000196,2026-04-23 14:52:00,C0393,P0185,2,5,UPI,COMPLETED,2026-04-27,2026-04-29,MOBILE,WH02
O000197,2026-04-30 15:59:00,C0410,P0214,3,10,CARD,COMPLETED,2026-05-04,2026-05-07,STORE,WH03
O000198,2026-05-07 16:06:00,C0427,P0243,4,15,CASH,COMPLETED,2026-05-11,2026-05-09,WEB,WH04
O000199,2026-05-14 17:13:00,C0444,P0272,5,20,NET_BANKING,COMPLETED,2026-05-18,2026-05-17,MOBILE,WH05
O000200,2026-05-21 08:20:00,C0461,P0301,1,0,UPI,CANCELLED,2026-05-25,,STORE,WH01
O000201,2026-05-28 09:27:00,C0478,P0330,2,5,CARD,COMPLETED,2026-06-01,2026-06-02,WEB,WH02
O000202,2026-06-04 10:34:00,C0005,P0359,3,10,CASH,COMPLETED,2026-06-08,2026-06-10,MOBILE,WH03
O000203,2026-06-11 11:41:00,C0022,P0388,4,15,NET_BANKING,COMPLETED,2026-06-15,2026-06-18,STORE,WH04
O000204,2026-06-18 12:48:00,C0039,P0417,5,20,UPI,RETURNED,2026-06-22,2026-06-20,WEB,WH05
O000205,2026-06-25 13:55:00,C0056,P0446,1,0,CARD,COMPLETED,2026-06-29,2026-06-28,MOBILE,WH01
O000206,2026-01-03 14:02:00,C0073,P0475,2,5,CASH,COMPLETED,2026-01-07,2026-01-07,STORE,WH02
O000207,2026-01-10 15:09:00,C0090,P0004,3,10,NET_BANKING,COMPLETED,2026-01-14,2026-01-15,WEB,WH03
O000208,2026-01-17 16:16:00,C0107,P0033,4,15,UPI,PENDING,2026-01-21,,MOBILE,WH04
O000209,2026-01-24 17:23:00,C0124,P0062,5,20,CARD,COMPLETED,2026-01-28,2026-01-31,STORE,WH05
O000210,2026-01-31 08:30:00,C0141,P0091,1,0,CASH,COMPLETED,2026-02-04,2026-02-02,WEB,WH01
O000211,2026-02-07 09:37:00,C0158,P0120,2,5,NET_BANKING,COMPLETED,2026-02-11,2026-02-10,MOBILE,WH02
O000212,2026-02-14 10:44:00,C0175,P0149,3,10,UPI,COMPLETED,2026-02-18,2026-02-18,STORE,WH03
O000213,2026-02-21 11:51:00,C0192,P0178,4,15,CARD,COMPLETED,2026-02-25,2026-02-26,WEB,WH04
O000214,2026-02-28 12:58:00,C0209,P0207,5,20,CASH,COMPLETED,2026-03-04,2026-03-06,MOBILE,WH05
O000215,2026-03-07 13:05:00,C0226,P0236,1,0,NET_BANKING,COMPLETED,2026-03-11,2026-03-14,STORE,WH01
O000216,2026-03-14 14:12:00,C0243,P0265,2,5,UPI,COMPLETED,2026-03-18,2026-03-16,WEB,WH02
O000217,2026-03-21 15:19:00,C0260,P0294,3,10,CARD,COMPLETED,2026-03-25,2026-03-24,MOBILE,WH03
O000218,2026-03-28 16:26:00,C0277,P0323,4,15,CASH,COMPLETED,2026-04-01,2026-04-01,STORE,WH04
O000219,2026-04-04 17:33:00,C0294,P0352,5,20,NET_BANKING,COMPLETED,2026-04-08,2026-04-09,WEB,WH05
O000220,2026-04-11 08:40:00,C0311,P0381,1,0,UPI,CANCELLED,2026-04-15,,MOBILE,WH01
O000221,2026-04-18 09:47:00,C0328,P0410,2,5,CARD,RETURNED,2026-04-22,2026-04-25,STORE,WH02
O000222,2026-04-25 10:54:00,C0345,P0439,3,10,CASH,COMPLETED,2026-04-29,2026-04-27,WEB,WH03
O000223,2026-05-02 11:01:00,C0362,P0468,4,15,NET_BANKING,COMPLETED,2026-05-06,2026-05-05,MOBILE,WH04
O000224,2026-05-09 12:08:00,C0379,P0497,5,20,UPI,COMPLETED,2026-05-13,2026-05-13,STORE,WH05
O000225,2026-05-16 13:15:00,C0396,P0026,1,0,CARD,COMPLETED,2026-05-20,2026-05-21,WEB,WH01
O000226,2026-05-23 14:22:00,C0413,P0055,2,5,CASH,COMPLETED,2026-05-27,2026-05-29,MOBILE,WH02
O000227,2026-05-30 15:29:00,C0430,P0084,3,10,NET_BANKING,COMPLETED,2026-06-03,2026-06-06,STORE,WH03
O000228,2026-06-06 16:36:00,C0447,P0113,4,15,UPI,COMPLETED,2026-06-10,2026-06-08,WEB,WH04
O000229,2026-06-13 17:43:00,C0464,P0142,5,20,CARD,COMPLETED,2026-06-17,2026-06-16,MOBILE,WH05
O000230,2026-06-20 08:50:00,C0481,P0171,1,0,CASH,COMPLETED,2026-06-24,2026-06-24,STORE,WH01
O000231,2026-06-27 09:57:00,C0008,P0200,2,5,NET_BANKING,COMPLETED,2026-07-01,2026-07-02,WEB,WH02
O000232,2026-01-05 10:04:00,C0025,P0229,3,10,UPI,COMPLETED,2026-01-09,2026-01-11,MOBILE,WH03
O000233,2026-01-12 11:11:00,C0042,P0258,4,15,CARD,COMPLETED,2026-01-16,2026-01-19,STORE,WH04
O000234,2026-01-19 12:18:00,C0059,P0287,5,20,CASH,PENDING,2026-01-23,,WEB,WH05
O000235,2026-01-26 13:25:00,C0076,P0316,1,,NET_BANKING,COMPLETED,2026-01-30,2026-01-29,MOBILE,WH01
O000236,2026-02-02 14:32:00,C0093,P0345,2,5,UPI,COMPLETED,2026-02-06,2026-02-06,STORE,WH02
O000237,2026-02-09 15:39:00,C0110,P0374,3,10,CARD,COMPLETED,2026-02-13,2026-02-14,WEB,WH03
O000238,2026-02-16 16:46:00,C0127,P0403,4,15,CASH,RETURNED,2026-02-20,2026-02-22,MOBILE,WH04
O000239,2026-02-23 17:53:00,C0144,P0432,5,20,NET_BANKING,COMPLETED,2026-02-27,2026-03-02,STORE,WH05
O000240,2026-03-02 08:00:00,C0161,P0461,1,0,UPI,CANCELLED,2026-03-06,,WEB,WH01
O000241,2026-03-09 09:07:00,C0178,P0490,2,5,CARD,COMPLETED,2026-03-13,2026-03-12,MOBILE,WH02
O000242,2026-03-16 10:14:00,C0195,P0019,3,10,CASH,COMPLETED,2026-03-20,2026-03-20,STORE,WH03
O000243,2026-03-23 11:21:00,C0212,P0048,4,15,NET_BANKING,COMPLETED,2026-03-27,2026-03-28,WEB,WH04
O000244,2026-03-30 12:28:00,C0229,P0077,0,20,UPI,COMPLETED,2026-04-03,2026-04-05,MOBILE,WH05
O000245,2026-04-06 13:35:00,C0246,P0106,1,0,CARD,COMPLETED,2026-04-10,2026-04-13,STORE,WH01
O000246,2026-04-13 14:42:00,C0263,P0135,2,5,CASH,COMPLETED,2026-04-17,2026-04-15,WEB,WH02
O000247,2026-04-20 15:49:00,C0280,P0164,3,10,NET_BANKING,PENDING,2026-04-24,,MOBILE,WH03
O000248,2026-04-27 16:56:00,C0297,P0193,4,15,UPI,COMPLETED,2026-05-01,2026-05-01,STORE,WH04
O000249,2026-05-04 17:03:00,C0314,P0222,5,20,CARD,COMPLETED,2026-05-08,2026-05-09,WEB,WH05
O000250,2026-05-11 08:10:00,C0331,P0251,1,0,CASH,COMPLETED,2026-05-15,2026-05-17,MOBILE,WH01
O000251,2026-05-18 09:17:00,C0348,P0280,2,5,NET_BANKING,COMPLETED,2026-05-22,2026-05-25,STORE,WH02
O000252,2026-05-25 10:24:00,C0365,P0309,3,10,UPI,COMPLETED,2026-05-29,2026-05-27,WEB,WH03
O000253,2026-06-01 11:31:00,C0382,P0338,4,15,CARD,COMPLETED,2026-06-05,2026-06-04,MOBILE,WH04
O000254,2026-06-08 12:38:00,C0399,P0367,5,20,CASH,COMPLETED,2026-06-12,2026-06-12,STORE,WH05
O000255,2026-06-15 13:45:00,C0416,P0396,1,0,NET_BANKING,RETURNED,2026-06-19,2026-06-20,WEB,WH01
O000256,2026-06-22 14:52:00,C0433,P0425,2,5,UPI,COMPLETED,2026-06-26,2026-06-28,MOBILE,WH02
O000257,2026-06-29 15:59:00,C0450,P0454,3,10,CARD,COMPLETED,2026-07-03,2026-07-06,STORE,WH03
O000258,2026-01-07 16:06:00,C0467,P0483,4,15,CASH,COMPLETED,2026-01-11,2026-01-09,WEB,WH04
O000259,2026-01-14 17:13:00,C0484,P0012,5,20,NET_BANKING,COMPLETED,2026-01-18,2026-01-17,MOBILE,WH05
O000260,2026-01-21 08:20:00,C0011,P0041,1,0,UPI,CANCELLED,2026-01-25,,STORE,WH01
O000261,2026-01-28 09:27:00,C0028,P0070,2,5,CARD,COMPLETED,2026-02-01,2026-02-02,WEB,WH02
O000262,2026-02-04 10:34:00,C0045,P0099,3,10,CASH,COMPLETED,2026-02-08,2026-02-10,MOBILE,WH03
O000263,2026-02-11 11:41:00,C0062,P0128,4,15,NET_BANKING,COMPLETED,2026-02-15,2026-02-18,STORE,WH04
O000264,2026-02-18 12:48:00,C0079,P0157,5,20,UPI,COMPLETED,2026-02-22,2026-02-20,WEB,WH05
O000265,2026-02-25 13:55:00,C0096,P0186,1,0,CARD,COMPLETED,2026-03-01,2026-02-28,MOBILE,WH01
O000266,2026-03-04 14:02:00,C0113,P0215,2,5,CASH,COMPLETED,2026-03-08,2026-03-08,STORE,WH02
O000267,2026-03-11 15:09:00,C0130,P0244,3,10,NET_BANKING,COMPLETED,2026-03-15,2026-03-16,WEB,WH03
O000268,2026-03-18 16:16:00,C0147,P0273,4,15,UPI,COMPLETED,2026-03-22,2026-03-24,MOBILE,WH04
O000269,2026-03-25 17:23:00,C0164,P0302,5,20,CARD,COMPLETED,2026-03-29,2026-04-01,STORE,WH05
O000270,2026-04-01 08:30:00,C0181,P0331,1,0,CASH,COMPLETED,2026-04-05,2026-04-03,WEB,WH01
O000271,2026-04-08 09:37:00,C0198,P0360,2,5,NET_BANKING,COMPLETED,2026-04-12,2026-04-11,MOBILE,WH02
O000272,2026-04-15 10:44:00,C0215,P0389,3,10,UPI,RETURNED,2026-04-19,2026-04-19,STORE,WH03
O000273,2026-04-22 11:51:00,C0232,P0418,4,15,CARD,PENDING,2026-04-26,,WEB,WH04
O000274,2026-04-29 12:58:00,C0249,P0447,5,20,CASH,COMPLETED,2026-05-03,2026-05-05,MOBILE,WH05
O000275,2026-05-06 13:05:00,C0266,P0476,1,0,NET_BANKING,COMPLETED,2026-05-10,2026-05-13,STORE,WH01
O000276,2026-05-13 14:12:00,C0283,P0005,2,5,UPI,COMPLETED,2026-05-17,2026-05-15,WEB,WH02
O000277,2026-05-20 15:19:00,C0300,P0034,3,10,CARD,COMPLETED,2026-05-24,2026-05-23,MOBILE,WH03
O000278,2026-05-27 16:26:00,C0317,P0063,4,15,CASH,COMPLETED,2026-05-31,2026-05-31,STORE,WH04
O000279,2026-06-03 17:33:00,C0334,P0092,5,20,NET_BANKING,COMPLETED,2026-06-07,2026-06-08,WEB,WH05
O000280,2026-06-10 08:40:00,C0351,P0121,1,0,UPI,CANCELLED,2026-06-14,,MOBILE,WH01
O000281,2026-06-17 09:47:00,C0368,P0150,2,5,CARD,COMPLETED,2026-06-21,2026-06-24,STORE,WH02
O000282,2026-06-24 10:54:00,C0385,P0179,3,,CASH,COMPLETED,2026-06-28,2026-06-26,WEB,WH03
O000283,2026-01-02 11:01:00,C0402,P0208,4,15,NET_BANKING,COMPLETED,2026-01-06,2026-01-05,MOBILE,WH04
O000284,2026-01-09 12:08:00,C0419,P0237,5,20,UPI,COMPLETED,2026-01-13,2026-01-13,STORE,WH05
O000285,2026-01-16 13:15:00,C0436,P0266,1,0,CARD,COMPLETED,2026-01-20,2026-01-21,WEB,WH01
O000286,2026-01-23 14:22:00,C0453,P0295,2,5,CASH,PENDING,2026-01-27,,MOBILE,WH02
O000287,2026-01-30 15:29:00,C0470,P0324,3,10,NET_BANKING,COMPLETED,2026-02-03,2026-02-06,STORE,WH03
O000288,2026-02-06 16:36:00,C0487,P0353,4,15,UPI,COMPLETED,2026-02-10,2026-02-08,WEB,WH04
O000289,2026-02-13 17:43:00,C0014,P0382,5,20,CARD,RETURNED,2026-02-17,2026-02-16,MOBILE,WH05
O000290,2026-02-20 08:50:00,C0031,P0411,1,0,CASH,COMPLETED,2026-02-24,2026-02-24,STORE,WH01
O000291,2026-02-27 09:57:00,C0048,P0440,2,5,NET_BANKING,COMPLETED,2026-03-03,2026-03-04,WEB,WH02
O000292,2026-03-06 10:04:00,C0065,P0469,3,10,UPI,COMPLETED,2026-03-10,2026-03-12,MOBILE,WH03
O000293,2026-03-13 11:11:00,C0082,P0498,4,15,CARD,COMPLETED,2026-03-17,2026-03-20,STORE,WH04
O000294,2026-03-20 12:18:00,C0099,P0027,5,20,CASH,COMPLETED,2026-03-24,2026-03-22,WEB,WH05
O000295,2026-03-27 13:25:00,C0116,P0056,1,0,NET_BANKING,COMPLETED,2026-03-31,2026-03-30,MOBILE,WH01
O000296,2026-04-03 14:32:00,C0133,P0085,2,5,UPI,COMPLETED,2026-04-07,2026-04-07,STORE,WH02
O000297,2026-04-10 15:39:00,C0150,P0114,3,10,CARD,COMPLETED,2026-04-14,2026-04-15,WEB,WH03
O000298,2026-04-17 16:46:00,C0167,P0143,-1,15,CASH,COMPLETED,2026-04-21,2026-04-23,MOBILE,WH04
O000299,2026-04-24 17:53:00,C0184,P0172,5,20,NET_BANKING,PENDING,2026-04-28,,STORE,WH05
O000300,2026-05-01 08:00:00,C0201,P0201,1,0,UPI,CANCELLED,2026-05-05,,WEB,WH01
O000301,2026-05-08 09:07:00,C0218,P0230,2,5,CARD,COMPLETED,2026-05-12,2026-05-11,MOBILE,WH02
O000302,2026-05-15 10:14:00,C0235,P0259,3,10,CASH,COMPLETED,2026-05-19,2026-05-19,STORE,WH03
O000303,2026-05-22 11:21:00,C0252,P0288,4,15,NET_BANKING,COMPLETED,2026-05-26,2026-05-27,WEB,WH04
O000304,2026-05-29 12:28:00,C0269,P0317,5,20,UPI,COMPLETED,2026-06-02,2026-06-04,MOBILE,WH05
O000305,2026-06-05 13:35:00,C0286,P0346,0,0,CARD,COMPLETED,2026-06-09,2026-06-12,STORE,WH01
O000306,2026-06-12 14:42:00,C0303,P0375,2,5,CASH,RETURNED,2026-06-16,2026-06-14,WEB,WH02
O000307,2026-06-19 15:49:00,C0320,P0404,3,10,NET_BANKING,COMPLETED,2026-06-23,2026-06-22,MOBILE,WH03
O000308,2026-06-26 16:56:00,C0337,P0433,4,15,UPI,COMPLETED,2026-06-30,2026-06-30,STORE,WH04
O000309,2026-01-04 17:03:00,C0354,P0462,5,20,CARD,COMPLETED,2026-01-08,2026-01-09,WEB,WH05
O000310,2026-01-11 08:10:00,C0371,P0491,1,0,CASH,COMPLETED,2026-01-15,2026-01-17,MOBILE,WH01
O000311,2026-01-18 09:17:00,C0388,P0020,2,5,NET_BANKING,COMPLETED,2026-01-22,2026-01-25,STORE,WH02
O000312,2026-01-25 10:24:00,C0405,P0049,3,10,UPI,PENDING,2026-01-29,,WEB,WH03
O000313,2026-02-01 11:31:00,C0422,P0078,4,15,CARD,COMPLETED,2026-02-05,2026-02-04,MOBILE,WH04
O000314,2026-02-08 12:38:00,C0439,P0107,5,20,CASH,COMPLETED,2026-02-12,2026-02-12,STORE,WH05
O000315,2026-02-15 13:45:00,C0456,P0136,1,0,NET_BANKING,COMPLETED,2026-02-19,2026-02-20,WEB,WH01
O000316,2026-02-22 14:52:00,C0473,P0165,2,5,UPI,COMPLETED,2026-02-26,2026-02-28,MOBILE,WH02
O000317,2026-03-01 15:59:00,C0490,P0194,3,10,CARD,COMPLETED,2026-03-05,2026-03-08,STORE,WH03
O000318,2026-03-08 16:06:00,C0017,P0223,4,15,CASH,COMPLETED,2026-03-12,2026-03-10,WEB,WH04
O000319,2026-03-15 17:13:00,C0034,P0252,5,20,NET_BANKING,COMPLETED,2026-03-19,2026-03-18,MOBILE,WH05
O000320,2026-03-22 08:20:00,C0051,P0281,1,0,UPI,CANCELLED,2026-03-26,,STORE,WH01
O000321,2026-03-29 09:27:00,C0068,P0310,2,5,CARD,COMPLETED,2026-04-02,2026-04-03,WEB,WH02
O000322,2026-04-05 10:34:00,C0085,P0339,3,10,CASH,COMPLETED,2026-04-09,2026-04-11,MOBILE,WH03
O000323,2026-04-12 11:41:00,C0102,P0368,4,15,NET_BANKING,RETURNED,2026-04-16,2026-04-19,STORE,WH04
O000324,2026-04-19 12:48:00,C0119,P0397,5,20,UPI,COMPLETED,2026-04-23,2026-04-21,WEB,WH05
O000325,2026-04-26 13:55:00,C0136,P0426,1,0,CARD,PENDING,2026-04-30,,MOBILE,WH01
O000326,2026-05-03 14:02:00,C0153,P0455,2,5,CASH,COMPLETED,2026-05-07,2026-05-07,STORE,WH02
O000327,2026-05-10 15:09:00,C0170,P0484,3,10,NET_BANKING,COMPLETED,2026-05-14,2026-05-15,WEB,WH03
O000328,2026-05-17 16:16:00,C0187,P0013,4,15,UPI,COMPLETED,2026-05-21,2026-05-23,MOBILE,WH04
O000329,2026-05-24 17:23:00,C0204,P0042,5,,CARD,COMPLETED,2026-05-28,2026-05-31,STORE,WH05
O000330,2026-05-31 08:30:00,C0221,P0071,1,0,CASH,COMPLETED,2026-06-04,2026-06-02,WEB,WH01
O000331,2026-06-07 09:37:00,C0238,P0100,2,5,NET_BANKING,COMPLETED,2026-06-11,2026-06-10,MOBILE,WH02
O000332,2026-06-14 10:44:00,C0255,P0129,3,10,UPI,COMPLETED,2026-06-18,2026-06-18,STORE,WH03
O000333,2026-06-21 11:51:00,C0272,P0158,4,15,CARD,COMPLETED,2026-06-25,2026-06-26,WEB,WH04
O000334,2026-06-28 12:58:00,C0289,P0187,5,20,CASH,COMPLETED,2026-07-02,2026-07-04,MOBILE,WH05
O000335,2026-01-06 13:05:00,C0306,P0216,1,0,NET_BANKING,COMPLETED,2026-01-10,2026-01-13,STORE,WH01
O000336,2026-01-13 14:12:00,C0323,P0245,2,5,UPI,COMPLETED,2026-01-17,2026-01-15,WEB,WH02
O000337,2026-01-20 15:19:00,C0340,P0274,3,10,CARD,COMPLETED,2026-01-24,2026-01-23,MOBILE,WH03
O000338,2026-01-27 16:26:00,C0357,P0303,4,15,CASH,PENDING,2026-01-31,,STORE,WH04
O000339,2026-02-03 17:33:00,C0374,P0332,5,20,NET_BANKING,COMPLETED,2026-02-07,2026-02-08,WEB,WH05
O000340,2026-02-10 08:40:00,C0391,P0361,1,0,UPI,CANCELLED,2026-02-14,,MOBILE,WH01
O000341,2026-02-17 09:47:00,C0408,P0390,2,5,CARD,COMPLETED,2026-02-21,2026-02-24,STORE,WH02
O000342,2026-02-24 10:54:00,C0425,P0419,3,10,CASH,COMPLETED,2026-02-28,2026-02-26,WEB,WH03
O000343,2026-03-03 11:01:00,C0442,P0448,4,15,NET_BANKING,COMPLETED,2026-03-07,2026-03-06,MOBILE,WH04
O000344,2026-03-10 12:08:00,C0459,P0477,5,20,UPI,COMPLETED,2026-03-14,2026-03-14,STORE,WH05
O000345,2026-03-17 13:15:00,C0476,P0006,1,0,CARD,COMPLETED,2026-03-21,2026-03-22,WEB,WH01
O000346,2026-03-24 14:22:00,C0003,P0035,2,5,CASH,COMPLETED,2026-03-28,2026-03-30,MOBILE,WH02
O000347,2026-03-31 15:29:00,C0020,P0064,3,10,NET_BANKING,COMPLETED,2026-04-04,2026-04-07,STORE,WH03
O000348,2026-04-07 16:36:00,C0037,P0093,4,15,UPI,COMPLETED,2026-04-11,2026-04-09,WEB,WH04
O000349,2026-04-14 17:43:00,C0054,P0122,5,20,CARD,COMPLETED,2026-04-18,2026-04-17,MOBILE,WH05
O000350,2026-04-21 08:50:00,C0071,P0151,1,0,CASH,COMPLETED,2026-04-25,2026-04-25,STORE,WH01
O000351,2026-04-28 09:57:00,C0088,P0180,2,5,NET_BANKING,PENDING,2026-05-02,,WEB,WH02
O000352,2026-05-05 10:04:00,C0105,P0209,3,10,UPI,COMPLETED,2026-05-09,2026-05-11,MOBILE,WH03
O000353,2026-05-12 11:11:00,C0122,P0238,4,15,CARD,COMPLETED,2026-05-16,2026-05-19,STORE,WH04
O000354,2026-05-19 12:18:00,C0139,P0267,5,20,CASH,COMPLETED,2026-05-23,2026-05-21,WEB,WH05
O000355,2026-05-26 13:25:00,C0156,P0296,1,0,NET_BANKING,COMPLETED,2026-05-30,2026-05-29,MOBILE,WH01
O000356,2026-06-02 14:32:00,C0173,P0325,2,5,UPI,COMPLETED,2026-06-06,2026-06-06,STORE,WH02
O000357,2026-06-09 15:39:00,C0190,P0354,3,10,CARD,RETURNED,2026-06-13,2026-06-14,WEB,WH03
O000358,2026-06-16 16:46:00,C0207,P0383,4,15,CASH,COMPLETED,2026-06-20,2026-06-22,MOBILE,WH04
O000359,2026-06-23 17:53:00,C0224,P0412,5,20,NET_BANKING,COMPLETED,2026-06-27,2026-06-30,STORE,WH05
O000360,2026-01-01 08:00:00,C0241,P0441,1,0,UPI,CANCELLED,2026-01-05,,WEB,WH01
O000361,2026-01-08 09:07:00,C0258,P0470,2,5,CARD,COMPLETED,2026-01-12,2026-01-11,MOBILE,WH02
O000362,2026-01-15 10:14:00,C0275,P0499,3,10,CASH,COMPLETED,2026-01-19,2026-01-19,STORE,WH03
O000363,2026-01-22 11:21:00,C0292,P0028,4,15,NET_BANKING,COMPLETED,2026-01-26,2026-01-27,WEB,WH04
O000364,2026-01-29 12:28:00,C0309,P0057,5,20,UPI,PENDING,2026-02-02,,MOBILE,WH05
O000365,2026-02-05 13:35:00,C0326,P0086,1,0,CARD,COMPLETED,2026-02-09,2026-02-12,STORE,WH01
O000366,2026-02-12 14:42:00,C0343,P0115,0,5,CASH,COMPLETED,2026-02-16,2026-02-14,WEB,WH02
O000367,2026-02-19 15:49:00,C0360,P0144,3,10,NET_BANKING,COMPLETED,2026-02-23,2026-02-22,MOBILE,WH03
O000368,2026-02-26 16:56:00,C0377,P0173,4,15,UPI,COMPLETED,2026-03-02,2026-03-02,STORE,WH04
O000369,2026-03-05 17:03:00,C0394,P0202,5,20,CARD,COMPLETED,2026-03-09,2026-03-10,WEB,WH05
O000370,2026-03-12 08:10:00,C0411,P0231,1,0,CASH,COMPLETED,2026-03-16,2026-03-18,MOBILE,WH01
O000371,2026-03-19 09:17:00,C0428,P0260,2,5,NET_BANKING,COMPLETED,2026-03-23,2026-03-26,STORE,WH02
O000372,2026-03-26 10:24:00,C0445,P0289,3,10,UPI,COMPLETED,2026-03-30,2026-03-28,WEB,WH03
O000373,2026-04-02 11:31:00,C0462,P0318,4,15,CARD,COMPLETED,2026-04-06,2026-04-05,MOBILE,WH04
O000374,2026-04-09 12:38:00,C0479,P0347,5,20,CASH,RETURNED,2026-04-13,2026-04-13,STORE,WH05
O000375,2026-04-16 13:45:00,C0006,P0376,1,0,NET_BANKING,COMPLETED,2026-04-20,2026-04-21,WEB,WH01
O000376,2026-04-23 14:52:00,C0023,P0405,2,,UPI,COMPLETED,2026-04-27,2026-04-29,MOBILE,WH02
O000377,2026-04-30 15:59:00,C0040,P0434,3,10,CARD,PENDING,2026-05-04,,STORE,WH03
O000378,2026-05-07 16:06:00,C0057,P0463,4,15,CASH,COMPLETED,2026-05-11,2026-05-09,WEB,WH04
O000379,2026-05-14 17:13:00,C0074,P0492,5,20,NET_BANKING,COMPLETED,2026-05-18,2026-05-17,MOBILE,WH05
O000380,2026-05-21 08:20:00,C0091,P0021,1,0,UPI,CANCELLED,2026-05-25,,STORE,WH01
O000381,2026-05-28 09:27:00,C0108,P0050,2,5,CARD,COMPLETED,2026-06-01,2026-06-02,WEB,WH02
O000382,2026-06-04 10:34:00,C0125,P0079,3,10,CASH,COMPLETED,2026-06-08,2026-06-10,MOBILE,WH03
O000383,2026-06-11 11:41:00,C0142,P0108,4,15,NET_BANKING,COMPLETED,2026-06-15,2026-06-18,STORE,WH04
O000384,2026-06-18 12:48:00,C0159,P0137,5,20,UPI,COMPLETED,2026-06-22,2026-06-20,WEB,WH05
O000385,2026-06-25 13:55:00,C0176,P0166,1,0,CARD,COMPLETED,2026-06-29,2026-06-28,MOBILE,WH01
O000386,2026-01-03 14:02:00,C0193,P0195,2,5,CASH,COMPLETED,2026-01-07,2026-01-07,STORE,WH02
O000387,2026-01-10 15:09:00,C0210,P0224,3,10,NET_BANKING,COMPLETED,2026-01-14,2026-01-15,WEB,WH03
O000388,2026-01-17 16:16:00,C0227,P0253,4,15,UPI,COMPLETED,2026-01-21,2026-01-23,MOBILE,WH04
O000389,2026-01-24 17:23:00,C0244,P0282,5,20,CARD,COMPLETED,2026-01-28,2026-01-31,STORE,WH05
O000390,2026-01-31 08:30:00,C0261,P0311,1,0,CASH,PENDING,2026-02-04,,WEB,WH01
O000391,2026-02-07 09:37:00,C0278,P0340,2,5,NET_BANKING,RETURNED,2026-02-11,2026-02-10,MOBILE,WH02
O000392,2026-02-14 10:44:00,C0295,P0369,3,10,UPI,COMPLETED,2026-02-18,2026-02-18,STORE,WH03
O000393,2026-02-21 11:51:00,C0312,P0398,4,15,CARD,COMPLETED,2026-02-25,2026-02-26,WEB,WH04
O000394,2026-02-28 12:58:00,C0329,P0427,5,20,CASH,COMPLETED,2026-03-04,2026-03-06,MOBILE,WH05
O000395,2026-03-07 13:05:00,C0346,P0456,1,0,NET_BANKING,COMPLETED,2026-03-11,2026-03-14,STORE,WH01
O000396,2026-03-14 14:12:00,C0363,P0485,2,5,UPI,COMPLETED,2026-03-18,2026-03-16,WEB,WH02
O000397,2026-03-21 15:19:00,C0380,P0014,3,10,CARD,COMPLETED,2026-03-25,2026-03-24,MOBILE,WH03
O000398,2026-03-28 16:26:00,C0397,P0043,4,15,CASH,COMPLETED,2026-04-01,2026-04-01,STORE,WH04
O000399,2026-04-04 17:33:00,C0414,P0072,5,20,NET_BANKING,COMPLETED,2026-04-08,2026-04-09,WEB,WH05
O000400,2026-04-11 08:40:00,C0431,P0101,1,0,UPI,CANCELLED,2026-04-15,,MOBILE,WH01
O000401,2026-04-18 09:47:00,C0448,P0130,2,5,CARD,COMPLETED,2026-04-22,2026-04-25,STORE,WH02
O000402,2026-04-25 10:54:00,C0465,P0159,3,10,CASH,COMPLETED,2026-04-29,2026-04-27,WEB,WH03
O000403,2026-05-02 11:01:00,C0482,P0188,4,15,NET_BANKING,PENDING,2026-05-06,,MOBILE,WH04
O000404,2026-05-09 12:08:00,C0009,P0217,5,20,UPI,COMPLETED,2026-05-13,2026-05-13,STORE,WH05
O000405,2026-05-16 13:15:00,C0026,P0246,1,0,CARD,COMPLETED,2026-05-20,2026-05-21,WEB,WH01
O000406,2026-05-23 14:22:00,C0043,P0275,2,5,CASH,COMPLETED,2026-05-27,2026-05-29,MOBILE,WH02
O000407,2026-05-30 15:29:00,C0060,P0304,3,10,NET_BANKING,COMPLETED,2026-06-03,2026-06-06,STORE,WH03
O000408,2026-06-06 16:36:00,C0077,P0333,4,15,UPI,RETURNED,2026-06-10,2026-06-08,WEB,WH04
O000409,2026-06-13 17:43:00,C0094,P0362,5,20,CARD,COMPLETED,2026-06-17,2026-06-16,MOBILE,WH05
O000410,2026-06-20 08:50:00,C0111,P0391,1,0,CASH,COMPLETED,2026-06-24,2026-06-24,STORE,WH01
O000411,2026-06-27 09:57:00,C0128,P0420,2,5,NET_BANKING,COMPLETED,2026-07-01,2026-07-02,WEB,WH02
O000412,2026-01-05 10:04:00,C0145,P0449,3,10,UPI,COMPLETED,2026-01-09,2026-01-11,MOBILE,WH03
O000413,2026-01-12 11:11:00,C0162,P0478,4,15,CARD,COMPLETED,2026-01-16,2026-01-19,STORE,WH04
O000414,2026-01-19 12:18:00,C0179,P0007,5,20,CASH,COMPLETED,2026-01-23,2026-01-21,WEB,WH05
O000415,2026-01-26 13:25:00,C0196,P0036,1,0,NET_BANKING,COMPLETED,2026-01-30,2026-01-29,MOBILE,WH01
O000416,2026-02-02 14:32:00,C0213,P0065,2,5,UPI,PENDING,2026-02-06,,STORE,WH02
O000417,2026-02-09 15:39:00,C0230,P0094,3,10,CARD,COMPLETED,2026-02-13,2026-02-14,WEB,WH03
O000418,2026-02-16 16:46:00,C0247,P0123,4,15,CASH,COMPLETED,2026-02-20,2026-02-22,MOBILE,WH04
O000419,2026-02-23 17:53:00,C0264,P0152,5,20,NET_BANKING,COMPLETED,2026-02-27,2026-03-02,STORE,WH05
O000420,2026-03-02 08:00:00,C0281,P0181,1,0,UPI,CANCELLED,2026-03-06,,WEB,WH01
O000421,2026-03-09 09:07:00,C0298,P0210,2,5,CARD,COMPLETED,2026-03-13,2026-03-12,MOBILE,WH02
O000422,2026-03-16 10:14:00,C0315,P0239,3,10,CASH,COMPLETED,2026-03-20,2026-03-20,STORE,WH03
O000423,2026-03-23 11:21:00,C0332,P0268,4,,NET_BANKING,COMPLETED,2026-03-27,2026-03-28,WEB,WH04
O000424,2026-03-30 12:28:00,C0349,P0297,5,20,UPI,COMPLETED,2026-04-03,2026-04-05,MOBILE,WH05
O000425,2026-04-06 13:35:00,C0366,P0326,1,0,CARD,RETURNED,2026-04-10,2026-04-13,STORE,WH01
O000426,2026-04-13 14:42:00,C0383,P0355,2,5,CASH,COMPLETED,2026-04-17,2026-04-15,WEB,WH02
O000427,2026-04-20 15:49:00,C0400,P0384,0,10,NET_BANKING,COMPLETED,2026-04-24,2026-04-23,MOBILE,WH03
O000428,2026-04-27 16:56:00,C0417,P0413,4,15,UPI,COMPLETED,2026-05-01,2026-05-01,STORE,WH04
O000429,2026-05-04 17:03:00,C0434,P0442,5,20,CARD,PENDING,2026-05-08,,WEB,WH05
O000430,2026-05-11 08:10:00,C0451,P0471,1,0,CASH,COMPLETED,2026-05-15,2026-05-17,MOBILE,WH01
O000431,2026-05-18 09:17:00,C0468,P0500,2,5,NET_BANKING,COMPLETED,2026-05-22,2026-05-25,STORE,WH02
O000432,2026-05-25 10:24:00,C0485,P0029,3,10,UPI,COMPLETED,2026-05-29,2026-05-27,WEB,WH03
O000433,2026-06-01 11:31:00,C0012,P0058,4,15,CARD,COMPLETED,2026-06-05,2026-06-04,MOBILE,WH04
O000434,2026-06-08 12:38:00,C0029,P0087,5,20,CASH,COMPLETED,2026-06-12,2026-06-12,STORE,WH05
O000435,2026-06-15 13:45:00,C0046,P0116,1,0,NET_BANKING,COMPLETED,2026-06-19,2026-06-20,WEB,WH01
O000436,2026-06-22 14:52:00,C0063,P0145,2,5,UPI,COMPLETED,2026-06-26,2026-06-28,MOBILE,WH02
O000437,2026-06-29 15:59:00,C0080,P0174,3,10,CARD,COMPLETED,2026-07-03,2026-07-06,STORE,WH03
O000438,2026-01-07 16:06:00,C0097,P0203,4,15,CASH,COMPLETED,2026-01-11,2026-01-09,WEB,WH04
O000439,2026-01-14 17:13:00,C0114,P0232,5,20,NET_BANKING,COMPLETED,2026-01-18,2026-01-17,MOBILE,WH05
O000440,2026-01-21 08:20:00,C0131,P0261,1,0,UPI,CANCELLED,2026-01-25,,STORE,WH01
O000441,2026-01-28 09:27:00,C0148,P0290,2,5,CARD,COMPLETED,2026-02-01,2026-02-02,WEB,WH02
O000442,2026-02-04 10:34:00,C0165,P0319,3,10,CASH,RETURNED,2026-02-08,2026-02-10,MOBILE,WH03
O000443,2026-02-11 11:41:00,C0182,P0348,4,15,NET_BANKING,COMPLETED,2026-02-15,2026-02-18,STORE,WH04
O000444,2026-02-18 12:48:00,C0199,P0377,5,20,UPI,COMPLETED,2026-02-22,2026-02-20,WEB,WH05
O000445,2026-02-25 13:55:00,C0216,P0406,1,0,CARD,COMPLETED,2026-03-01,2026-02-28,MOBILE,WH01
O000446,2026-03-04 14:02:00,C0233,P0435,2,5,CASH,COMPLETED,2026-03-08,2026-03-08,STORE,WH02
O000447,2026-03-11 15:09:00,C0250,P0464,-1,10,NET_BANKING,COMPLETED,2026-03-15,2026-03-16,WEB,WH03
O000448,2026-03-18 16:16:00,C0267,P0493,4,15,UPI,COMPLETED,2026-03-22,2026-03-24,MOBILE,WH04
O000449,2026-03-25 17:23:00,C0284,P0022,5,20,CARD,COMPLETED,2026-03-29,2026-04-01,STORE,WH05
O000450,2026-04-01 08:30:00,C0301,P0051,1,0,CASH,COMPLETED,2026-04-05,2026-04-03,WEB,WH01
O000451,2026-04-08 09:37:00,C0318,P0080,2,5,NET_BANKING,COMPLETED,2026-04-12,2026-04-11,MOBILE,WH02
O000452,2026-04-15 10:44:00,C0335,P0109,3,10,UPI,COMPLETED,2026-04-19,2026-04-19,STORE,WH03
O000453,2026-04-22 11:51:00,C0352,P0138,4,15,CARD,COMPLETED,2026-04-26,2026-04-27,WEB,WH04
O000454,2026-04-29 12:58:00,C0369,P0167,5,20,CASH,COMPLETED,2026-05-03,2026-05-05,MOBILE,WH05
O000455,2026-05-06 13:05:00,C0386,P0196,1,0,NET_BANKING,PENDING,2026-05-10,,STORE,WH01
O000456,2026-05-13 14:12:00,C0403,P0225,2,5,UPI,COMPLETED,2026-05-17,2026-05-15,WEB,WH02
O000457,2026-05-20 15:19:00,C0420,P0254,3,10,CARD,COMPLETED,2026-05-24,2026-05-23,MOBILE,WH03
O000458,2026-05-27 16:26:00,C0437,P0283,4,15,CASH,COMPLETED,2026-05-31,2026-05-31,STORE,WH04
O000459,2026-06-03 17:33:00,C0454,P0312,5,20,NET_BANKING,RETURNED,2026-06-07,2026-06-08,WEB,WH05
O000460,2026-06-10 08:40:00,C0471,P0341,1,0,UPI,CANCELLED,2026-06-14,,MOBILE,WH01
O000461,2026-06-17 09:47:00,C0488,P0370,2,5,CARD,COMPLETED,2026-06-21,2026-06-24,STORE,WH02
O000462,2026-06-24 10:54:00,C0015,P0399,3,10,CASH,COMPLETED,2026-06-28,2026-06-26,WEB,WH03
O000463,2026-01-02 11:01:00,C0032,P0428,4,15,NET_BANKING,COMPLETED,2026-01-06,2026-01-05,MOBILE,WH04
O000464,2026-01-09 12:08:00,C0049,P0457,5,20,UPI,COMPLETED,2026-01-13,2026-01-13,STORE,WH05
O000465,2026-01-16 13:15:00,C0066,P0486,1,0,CARD,COMPLETED,2026-01-20,2026-01-21,WEB,WH01
O000466,2026-01-23 14:22:00,C0083,P0015,2,5,CASH,COMPLETED,2026-01-27,2026-01-29,MOBILE,WH02
O000467,2026-01-30 15:29:00,C0100,P0044,3,10,NET_BANKING,COMPLETED,2026-02-03,2026-02-06,STORE,WH03
O000468,2026-02-06 16:36:00,C0117,P0073,4,15,UPI,PENDING,2026-02-10,,WEB,WH04
O000469,2026-02-13 17:43:00,C0134,P0102,5,20,CARD,COMPLETED,2026-02-17,2026-02-16,MOBILE,WH05
O000470,2026-02-20 08:50:00,C0151,P0131,1,,CASH,COMPLETED,2026-02-24,2026-02-24,STORE,WH01
O000471,2026-02-27 09:57:00,C0168,P0160,2,5,NET_BANKING,COMPLETED,2026-03-03,2026-03-04,WEB,WH02
O000472,2026-03-06 10:04:00,C0185,P0189,3,10,UPI,COMPLETED,2026-03-10,2026-03-12,MOBILE,WH03
O000473,2026-03-13 11:11:00,C0202,P0218,4,15,CARD,COMPLETED,2026-03-17,2026-03-20,STORE,WH04
O000474,2026-03-20 12:18:00,C0219,P0247,5,20,CASH,COMPLETED,2026-03-24,2026-03-22,WEB,WH05
O000475,2026-03-27 13:25:00,C0236,P0276,1,0,NET_BANKING,COMPLETED,2026-03-31,2026-03-30,MOBILE,WH01
O000476,2026-04-03 14:32:00,C0253,P0305,2,5,UPI,RETURNED,2026-04-07,2026-04-07,STORE,WH02
O000477,2026-04-10 15:39:00,C0270,P0334,3,10,CARD,COMPLETED,2026-04-14,2026-04-15,WEB,WH03
O000478,2026-04-17 16:46:00,C0287,P0363,4,15,CASH,COMPLETED,2026-04-21,2026-04-23,MOBILE,WH04
O000479,2026-04-24 17:53:00,C0304,P0392,5,20,NET_BANKING,COMPLETED,2026-04-28,2026-05-01,STORE,WH05
O000480,2026-05-01 08:00:00,C0321,P0421,1,0,UPI,CANCELLED,2026-05-05,,WEB,WH01
O000481,2026-05-08 09:07:00,C0338,P0450,2,5,CARD,PENDING,2026-05-12,,MOBILE,WH02
O000482,2026-05-15 10:14:00,C0355,P0479,3,10,CASH,COMPLETED,2026-05-19,2026-05-19,STORE,WH03
O000483,2026-05-22 11:21:00,C0372,P0008,4,15,NET_BANKING,COMPLETED,2026-05-26,2026-05-27,WEB,WH04
O000484,2026-05-29 12:28:00,C0389,P0037,5,20,UPI,COMPLETED,2026-06-02,2026-06-04,MOBILE,WH05
O000485,2026-06-05 13:35:00,C0406,P0066,1,0,CARD,COMPLETED,2026-06-09,2026-06-12,STORE,WH01
O000486,2026-06-12 14:42:00,C0423,P0095,2,5,CASH,COMPLETED,2026-06-16,2026-06-14,WEB,WH02
O000487,2026-06-19 15:49:00,C0440,P0124,3,10,NET_BANKING,COMPLETED,2026-06-23,2026-06-22,MOBILE,WH03
O000488,2026-06-26 16:56:00,C0457,P0153,0,15,UPI,COMPLETED,2026-06-30,2026-06-30,STORE,WH04
O000489,2026-01-04 17:03:00,C0474,P0182,5,20,CARD,COMPLETED,2026-01-08,2026-01-09,WEB,WH05
O000490,2026-01-11 08:10:00,C0001,P0211,1,0,CASH,COMPLETED,2026-01-15,2026-01-17,MOBILE,WH01
O000491,2026-01-18 09:17:00,C0018,P0240,2,5,NET_BANKING,COMPLETED,2026-01-22,2026-01-25,STORE,WH02
O000492,2026-01-25 10:24:00,C0035,P0269,3,10,UPI,COMPLETED,2026-01-29,2026-01-27,WEB,WH03
O000493,2026-02-01 11:31:00,C0052,P0298,4,15,CARD,RETURNED,2026-02-05,2026-02-04,MOBILE,WH04
O000494,2026-02-08 12:38:00,C0069,P0327,5,20,CASH,PENDING,2026-02-12,,STORE,WH05
O000495,2026-02-15 13:45:00,C0086,P0356,1,0,NET_BANKING,COMPLETED,2026-02-19,2026-02-20,WEB,WH01
O000496,2026-02-22 14:52:00,C0103,P0385,2,5,UPI,COMPLETED,2026-02-26,2026-02-28,MOBILE,WH02
O000497,2026-03-01 15:59:00,C0120,P0414,3,10,CARD,COMPLETED,2026-03-05,2026-03-08,STORE,WH03
O000498,2026-03-08 16:06:00,C0137,P0443,4,15,CASH,COMPLETED,2026-03-12,2026-03-10,WEB,WH04
O000499,2026-03-15 17:13:00,C0154,P0472,5,20,NET_BANKING,COMPLETED,2026-03-19,2026-03-18,MOBILE,WH05
O000500,2026-03-22 08:20:00,C0171,P0001,1,0,UPI,CANCELLED,2026-03-26,,STORE,WH01
